[2026-04-23 20:19:09] local.ERROR: SQLSTATE[HY000] [1045] Access denied for user 'root'@'localhost' (using password: YES) (Connection: mysql, SQL: select exists (select 1 from information_schema.tables where table_schema = 'f1_fantasy' and table_name = 'migrations' and table_type in ('BASE TABLE', 'SYSTEM VERSIONED')) as `exists`) {"exception":"[object] (Illuminate\\Database\\QueryException(code: 1045): SQLSTATE[HY000] [1045] Access denied for user 'root'@'localhost' (using password: YES) (Connection: mysql, SQL: select exists (select 1 from information_schema.tables where table_schema = 'f1_fantasy' and table_name = 'migrations' and table_type in ('BASE TABLE', 'SYSTEM VERSIONED')) as `exists`) at C:/Users/agusp/Desktop/Clase/TFG/F1Fantasy/backend/vendor/laravel/framework/src/Illuminate/Database/Connection.php:825)
[stacktrace]
#0 C:/Users/agusp/Desktop/Clase/TFG/F1Fantasy/backend/vendor/laravel/framework/src/Illuminate/Database/Connection.php(779): Illuminate/Database/Connection->runQueryCallback('select exists (...', Array, Object(Closure))
#1 C:/Users/agusp/Desktop/Clase/TFG/F1Fantasy/backend/vendor/laravel/framework/src/Illuminate/Database/Connection.php(398): Illuminate/Database/Connection->run('select exists (...', Array, Object(Closure))
#2 C:/Users/agusp/Desktop/Clase/TFG/F1Fantasy/backend/vendor/laravel/framework/src/Illuminate/Database/Connection.php(344): Illuminate/Database/Connection->select('select exists (...', Array, true)
#3 C:/Users/agusp/Desktop/Clase/TFG/F1Fantasy/backend/vendor/laravel/framework/src/Illuminate/Database/Connection.php(361): Illuminate/Database/Connection->selectOne('select exists (...', Array, true)
#4 C:/Users/agusp/Desktop/Clase/TFG/F1Fantasy/backend/vendor/laravel/framework/src/Illuminate/Database/Schema/MySqlBuilder.php(45): Illuminate/Database/Connection->scalar('select exists (...')
#5 C:/Users/agusp/Desktop/Clase/TFG/F1Fantasy/backend/vendor/laravel/framework/src/Illuminate/Database/Migrations/DatabaseMigrationRepository.php(184): Illuminate/Database/Schema/MySqlBuilder->hasTable('migrations')
#6 C:/Users/agusp/Desktop/Clase/TFG/F1Fantasy/backend/vendor/laravel/framework/src/Illuminate/Database/Migrations/Migrator.php(742): Illuminate/Database/Migrations/DatabaseMigrationRepository->repositoryExists()
#7 C:/Users/agusp/Desktop/Clase/TFG/F1Fantasy/backend/vendor/laravel/framework/src/Illuminate/Database/Console/Migrations/MigrateCommand.php(165): Illuminate/Database/Migrations/Migrator->repositoryExists()
#8 C:/Users/agusp/Desktop/Clase/TFG/F1Fantasy/backend/vendor/laravel/framework/src/Illuminate/Support/helpers.php(338): Illuminate/Database/Console/Migrations/MigrateCommand->{closure:Illuminate/Database/Console/Migrations/MigrateCommand::repositoryExists():165}(1)
#9 C:/Users/agusp/Desktop/Clase/TFG/F1Fantasy/backend/vendor/laravel/framework/src/Illuminate/Database/Console/Migrations/MigrateCommand.php(165): retry(1, Object(Closure), 0, Object(Closure))
#10 C:/Users/agusp/Desktop/Clase/TFG/F1Fantasy/backend/vendor/laravel/framework/src/Illuminate/Database/Console/Migrations/MigrateCommand.php(141): Illuminate/Database/Console/Migrations/MigrateCommand->repositoryExists()
#11 C:/Users/agusp/Desktop/Clase/TFG/F1Fantasy/backend/vendor/laravel/framework/src/Illuminate/Database/Console/Migrations/MigrateCommand.php(111): Illuminate/Database/Console/Migrations/MigrateCommand->prepareDatabase()
#12 C:/Users/agusp/Desktop/Clase/TFG/F1Fantasy/backend/vendor/laravel/framework/src/Illuminate/Database/Migrations/Migrator.php(658): Illuminate/Database/Console/Migrations/MigrateCommand->{closure:Illuminate/Database/Console/Migrations/MigrateCommand::runMigrations():110}()
#13 C:/Users/agusp/Desktop/Clase/TFG/F1Fantasy/backend/vendor/laravel/framework/src/Illuminate/Database/Console/Migrations/MigrateCommand.php(110): Illuminate/Database/Migrations/Migrator->usingConnection(NULL, Object(Closure))
#14 C:/Users/agusp/Desktop/Clase/TFG/F1Fantasy/backend/vendor/laravel/framework/src/Illuminate/Database/Console/Migrations/MigrateCommand.php(89): Illuminate/Database/Console/Migrations/MigrateCommand->runMigrations()
#15 C:/Users/agusp/Desktop/Clase/TFG/F1Fantasy/backend/vendor/laravel/framework/src/Illuminate/Container/BoundMethod.php(36): Illuminate/Database/Console/Migrations/MigrateCommand->handle()
#16 C:/Users/agusp/Desktop/Clase/TFG/F1Fantasy/backend/vendor/laravel/framework/src/Illuminate/Container/Util.php(43): Illuminate/Container/BoundMethod::{closure:Illuminate/Container/BoundMethod::call():35}()
#17 C:/Users/agusp/Desktop/Clase/TFG/F1Fantasy/backend/vendor/laravel/framework/src/Illuminate/Container/BoundMethod.php(95): Illuminate/Container/Util::unwrapIfClosure(Object(Closure))
#18 C:/Users/agusp/Desktop/Clase/TFG/F1Fantasy/backend/vendor/laravel/framework/src/Illuminate/Container/BoundMethod.php(35): Illuminate/Container/BoundMethod::callBoundMethod(Object(Illuminate/Foundation/Application), Array, Object(Closure))
#19 C:/Users/agusp/Desktop/Clase/TFG/F1Fantasy/backend/vendor/laravel/framework/src/Illuminate/Container/Container.php(696): Illuminate/Container/BoundMethod::call(Object(Illuminate/Foundation/Application), Array, Array, NULL)
#20 C:/Users/agusp/Desktop/Clase/TFG/F1Fantasy/backend/vendor/laravel/framework/src/Illuminate/Console/Command.php(213): Illuminate/Container/Container->call(Array)
#21 C:/Users/agusp/Desktop/Clase/TFG/F1Fantasy/backend/vendor/symfony/console/Command/Command.php(341): Illuminate/Console/Command->execute(Object(Symfony/Component/Console/Input/ArgvInput), Object(Illuminate/Console/OutputStyle))
#22 C:/Users/agusp/Desktop/Clase/TFG/F1Fantasy/backend/vendor/laravel/framework/src/Illuminate/Console/Command.php(182): Symfony/Component/Console/Command/Command->run(Object(Symfony/Component/Console/Input/ArgvInput), Object(Illuminate/Console/OutputStyle))
#23 C:/Users/agusp/Desktop/Clase/TFG/F1Fantasy/backend/vendor/symfony/console/Application.php(1117): Illuminate/Console/Command->run(Object(Symfony/Component/Console/Input/ArgvInput), Object(Symfony/Component/Console/Output/ConsoleOutput))
#24 C:/Users/agusp/Desktop/Clase/TFG/F1Fantasy/backend/vendor/symfony/console/Application.php(356): Symfony/Component/Console/Application->doRunCommand(Object(Illuminate/Database/Console/Migrations/MigrateCommand), Object(Symfony/Component/Console/Input/ArgvInput), Object(Symfony/Component/Console/Output/ConsoleOutput))
#25 C:/Users/agusp/Desktop/Clase/TFG/F1Fantasy/backend/vendor/symfony/console/Application.php(195): Symfony/Component/Console/Application->doRun(Object(Symfony/Component/Console/Input/ArgvInput), Object(Symfony/Component/Console/Output/ConsoleOutput))
#26 C:/Users/agusp/Desktop/Clase/TFG/F1Fantasy/backend/vendor/laravel/framework/src/Illuminate/Foundation/Console/Kernel.php(198): Symfony/Component/Console/Application->run(Object(Symfony/Component/Console/Input/ArgvInput), Object(Symfony/Component/Console/Output/ConsoleOutput))
#27 C:/Users/agusp/Desktop/Clase/TFG/F1Fantasy/backend/vendor/laravel/framework/src/Illuminate/Foundation/Application.php(1235): Illuminate/Foundation/Console/Kernel->handle(Object(Symfony/Component/Console/Input/ArgvInput), Object(Symfony/Component/Console/Output/ConsoleOutput))
#28 C:/Users/agusp/Desktop/Clase/TFG/F1Fantasy/backend/artisan(13): Illuminate/Foundation/Application->handleCommand(Object(Symfony/Component/Console/Input/ArgvInput))
#29 {main}

[previous exception] [object] (PDOException(code: 1045): SQLSTATE[HY000] [1045] Access denied for user 'root'@'localhost' (using password: YES) at C:/Users/agusp/Desktop/Clase/TFG/F1Fantasy/backend/vendor/laravel/framework/src/Illuminate/Database/Connectors/Connector.php:67)
[stacktrace]
#0 C:/Users/agusp/Desktop/Clase/TFG/F1Fantasy/backend/vendor/laravel/framework/src/Illuminate/Database/Connectors/Connector.php(67): PDO::connect('mysql:host=127....', 'root', Object(SensitiveParameterValue), Array)
#1 C:/Users/agusp/Desktop/Clase/TFG/F1Fantasy/backend/vendor/laravel/framework/src/Illuminate/Database/Connectors/Connector.php(44): Illuminate/Database/Connectors/Connector->createPdoConnection('mysql:host=127....', 'root', Object(SensitiveParameterValue), Array)
#2 C:/Users/agusp/Desktop/Clase/TFG/F1Fantasy/backend/vendor/laravel/framework/src/Illuminate/Database/Connectors/MySqlConnector.php(24): Illuminate/Database/Connectors/Connector->createConnection('mysql:host=127....', Array, Array)
#3 C:/Users/agusp/Desktop/Clase/TFG/F1Fantasy/backend/vendor/laravel/framework/src/Illuminate/Database/Connectors/ConnectionFactory.php(185): Illuminate/Database/Connectors/MySqlConnector->connect(Array)
#4 [internal function]: Illuminate/Database/Connectors/ConnectionFactory->{closure:Illuminate/Database/Connectors/ConnectionFactory::createPdoResolverWithHosts():180}()
#5 C:/Users/agusp/Desktop/Clase/TFG/F1Fantasy/backend/vendor/laravel/framework/src/Illuminate/Database/Connection.php(1231): call_user_func(Object(Closure))
#6 C:/Users/agusp/Desktop/Clase/TFG/F1Fantasy/backend/vendor/laravel/framework/src/Illuminate/Database/Connection.php(1267): Illuminate/Database/Connection->getPdo()
#7 C:/Users/agusp/Desktop/Clase/TFG/F1Fantasy/backend/vendor/laravel/framework/src/Illuminate/Database/Connection.php(512): Illuminate/Database/Connection->getReadPdo()
#8 C:/Users/agusp/Desktop/Clase/TFG/F1Fantasy/backend/vendor/laravel/framework/src/Illuminate/Database/Connection.php(407): Illuminate/Database/Connection->getPdoForSelect(true)
#9 C:/Users/agusp/Desktop/Clase/TFG/F1Fantasy/backend/vendor/laravel/framework/src/Illuminate/Database/Connection.php(812): Illuminate/Database/Connection->{closure:Illuminate/Database/Connection::select():398}('select exists (...', Array)
#10 C:/Users/agusp/Desktop/Clase/TFG/F1Fantasy/backend/vendor/laravel/framework/src/Illuminate/Database/Connection.php(779): Illuminate/Database/Connection->runQueryCallback('select exists (...', Array, Object(Closure))
#11 C:/Users/agusp/Desktop/Clase/TFG/F1Fantasy/backend/vendor/laravel/framework/src/Illuminate/Database/Connection.php(398): Illuminate/Database/Connection->run('select exists (...', Array, Object(Closure))
#12 C:/Users/agusp/Desktop/Clase/TFG/F1Fantasy/backend/vendor/laravel/framework/src/Illuminate/Database/Connection.php(344): Illuminate/Database/Connection->select('select exists (...', Array, true)
#13 C:/Users/agusp/Desktop/Clase/TFG/F1Fantasy/backend/vendor/laravel/framework/src/Illuminate/Database/Connection.php(361): Illuminate/Database/Connection->selectOne('select exists (...', Array, true)
#14 C:/Users/agusp/Desktop/Clase/TFG/F1Fantasy/backend/vendor/laravel/framework/src/Illuminate/Database/Schema/MySqlBuilder.php(45): Illuminate/Database/Connection->scalar('select exists (...')
#15 C:/Users/agusp/Desktop/Clase/TFG/F1Fantasy/backend/vendor/laravel/framework/src/Illuminate/Database/Migrations/DatabaseMigrationRepository.php(184): Illuminate/Database/Schema/MySqlBuilder->hasTable('migrations')
#16 C:/Users/agusp/Desktop/Clase/TFG/F1Fantasy/backend/vendor/laravel/framework/src/Illuminate/Database/Migrations/Migrator.php(742): Illuminate/Database/Migrations/DatabaseMigrationRepository->repositoryExists()
#17 C:/Users/agusp/Desktop/Clase/TFG/F1Fantasy/backend/vendor/laravel/framework/src/Illuminate/Database/Console/Migrations/MigrateCommand.php(165): Illuminate/Database/Migrations/Migrator->repositoryExists()
#18 C:/Users/agusp/Desktop/Clase/TFG/F1Fantasy/backend/vendor/laravel/framework/src/Illuminate/Support/helpers.php(338): Illuminate/Database/Console/Migrations/MigrateCommand->{closure:Illuminate/Database/Console/Migrations/MigrateCommand::repositoryExists():165}(1)
#19 C:/Users/agusp/Desktop/Clase/TFG/F1Fantasy/backend/vendor/laravel/framework/src/Illuminate/Database/Console/Migrations/MigrateCommand.php(165): retry(1, Object(Closure), 0, Object(Closure))
#20 C:/Users/agusp/Desktop/Clase/TFG/F1Fantasy/backend/vendor/laravel/framework/src/Illuminate/Database/Console/Migrations/MigrateCommand.php(141): Illuminate/Database/Console/Migrations/MigrateCommand->repositoryExists()
#21 C:/Users/agusp/Desktop/Clase/TFG/F1Fantasy/backend/vendor/laravel/framework/src/Illuminate/Database/Console/Migrations/MigrateCommand.php(111): Illuminate/Database/Console/Migrations/MigrateCommand->prepareDatabase()
#22 C:/Users/agusp/Desktop/Clase/TFG/F1Fantasy/backend/vendor/laravel/framework/src/Illuminate/Database/Migrations/Migrator.php(658): Illuminate/Database/Console/Migrations/MigrateCommand->{closure:Illuminate/Database/Console/Migrations/MigrateCommand::runMigrations():110}()
#23 C:/Users/agusp/Desktop/Clase/TFG/F1Fantasy/backend/vendor/laravel/framework/src/Illuminate/Database/Console/Migrations/MigrateCommand.php(110): Illuminate/Database/Migrations/Migrator->usingConnection(NULL, Object(Closure))
#24 C:/Users/agusp/Desktop/Clase/TFG/F1Fantasy/backend/vendor/laravel/framework/src/Illuminate/Database/Console/Migrations/MigrateCommand.php(89): Illuminate/Database/Console/Migrations/MigrateCommand->runMigrations()
#25 C:/Users/agusp/Desktop/Clase/TFG/F1Fantasy/backend/vendor/laravel/framework/src/Illuminate/Container/BoundMethod.php(36): Illuminate/Database/Console/Migrations/MigrateCommand->handle()
#26 C:/Users/agusp/Desktop/Clase/TFG/F1Fantasy/backend/vendor/laravel/framework/src/Illuminate/Container/Util.php(43): Illuminate/Container/BoundMethod::{closure:Illuminate/Container/BoundMethod::call():35}()
#27 C:/Users/agusp/Desktop/Clase/TFG/F1Fantasy/backend/vendor/laravel/framework/src/Illuminate/Container/BoundMethod.php(95): Illuminate/Container/Util::unwrapIfClosure(Object(Closure))
#28 C:/Users/agusp/Desktop/Clase/TFG/F1Fantasy/backend/vendor/laravel/framework/src/Illuminate/Container/BoundMethod.php(35): Illuminate/Container/BoundMethod::callBoundMethod(Object(Illuminate/Foundation/Application), Array, Object(Closure))
#29 C:/Users/agusp/Desktop/Clase/TFG/F1Fantasy/backend/vendor/laravel/framework/src/Illuminate/Container/Container.php(696): Illuminate/Container/BoundMethod::call(Object(Illuminate/Foundation/Application), Array, Array, NULL)
#30 C:/Users/agusp/Desktop/Clase/TFG/F1Fantasy/backend/vendor/laravel/framework/src/Illuminate/Console/Command.php(213): Illuminate/Container/Container->call(Array)
#31 C:/Users/agusp/Desktop/Clase/TFG/F1Fantasy/backend/vendor/symfony/console/Command/Command.php(341): Illuminate/Console/Command->execute(Object(Symfony/Component/Console/Input/ArgvInput), Object(Illuminate/Console/OutputStyle))
#32 C:/Users/agusp/Desktop/Clase/TFG/F1Fantasy/backend/vendor/laravel/framework/src/Illuminate/Console/Command.php(182): Symfony/Component/Console/Command/Command->run(Object(Symfony/Component/Console/Input/ArgvInput), Object(Illuminate/Console/OutputStyle))
#33 C:/Users/agusp/Desktop/Clase/TFG/F1Fantasy/backend/vendor/symfony/console/Application.php(1117): Illuminate/Console/Command->run(Object(Symfony/Component/Console/Input/ArgvInput), Object(Symfony/Component/Console/Output/ConsoleOutput))
#34 C:/Users/agusp/Desktop/Clase/TFG/F1Fantasy/backend/vendor/symfony/console/Application.php(356): Symfony/Component/Console/Application->doRunCommand(Object(Illuminate/Database/Console/Migrations/MigrateCommand), Object(Symfony/Component/Console/Input/ArgvInput), Object(Symfony/Component/Console/Output/ConsoleOutput))
#35 C:/Users/agusp/Desktop/Clase/TFG/F1Fantasy/backend/vendor/symfony/console/Application.php(195): Symfony/Component/Console/Application->doRun(Object(Symfony/Component/Console/Input/ArgvInput), Object(Symfony/Component/Console/Output/ConsoleOutput))
#36 C:/Users/agusp/Desktop/Clase/TFG/F1Fantasy/backend/vendor/laravel/framework/src/Illuminate/Foundation/Console/Kernel.php(198): Symfony/Component/Console/Application->run(Object(Symfony/Component/Console/Input/ArgvInput), Object(Symfony/Component/Console/Output/ConsoleOutput))
#37 C:/Users/agusp/Desktop/Clase/TFG/F1Fantasy/backend/vendor/laravel/framework/src/Illuminate/Foundation/Application.php(1235): Illuminate/Foundation/Console/Kernel->handle(Object(Symfony/Component/Console/Input/ArgvInput), Object(Symfony/Component/Console/Output/ConsoleOutput))
#38 C:/Users/agusp/Desktop/Clase/TFG/F1Fantasy/backend/artisan(13): Illuminate/Foundation/Application->handleCommand(Object(Symfony/Component/Console/Input/ArgvInput))
#39 {main}
"} 
[2026-04-23 20:22:52] local.ERROR: SQLSTATE[HY000] [1045] Access denied for user 'root'@'localhost' (using password: YES) (Connection: mysql, SQL: select exists (select 1 from information_schema.tables where table_schema = 'f1_fantasy' and table_name = 'migrations' and table_type in ('BASE TABLE', 'SYSTEM VERSIONED')) as `exists`) {"exception":"[object] (Illuminate\\Database\\QueryException(code: 1045): SQLSTATE[HY000] [1045] Access denied for user 'root'@'localhost' (using password: YES) (Connection: mysql, SQL: select exists (select 1 from information_schema.tables where table_schema = 'f1_fantasy' and table_name = 'migrations' and table_type in ('BASE TABLE', 'SYSTEM VERSIONED')) as `exists`) at C:/Users/agusp/Desktop/Clase/TFG/F1Fantasy/backend/vendor/laravel/framework/src/Illuminate/Database/Connection.php:825)
[stacktrace]
#0 C:/Users/agusp/Desktop/Clase/TFG/F1Fantasy/backend/vendor/laravel/framework/src/Illuminate/Database/Connection.php(779): Illuminate/Database/Connection->runQueryCallback('select exists (...', Array, Object(Closure))
#1 C:/Users/agusp/Desktop/Clase/TFG/F1Fantasy/backend/vendor/laravel/framework/src/Illuminate/Database/Connection.php(398): Illuminate/Database/Connection->run('select exists (...', Array, Object(Closure))
#2 C:/Users/agusp/Desktop/Clase/TFG/F1Fantasy/backend/vendor/laravel/framework/src/Illuminate/Database/Connection.php(344): Illuminate/Database/Connection->select('select exists (...', Array, true)
#3 C:/Users/agusp/Desktop/Clase/TFG/F1Fantasy/backend/vendor/laravel/framework/src/Illuminate/Database/Connection.php(361): Illuminate/Database/Connection->selectOne('select exists (...', Array, true)
#4 C:/Users/agusp/Desktop/Clase/TFG/F1Fantasy/backend/vendor/laravel/framework/src/Illuminate/Database/Schema/MySqlBuilder.php(45): Illuminate/Database/Connection->scalar('select exists (...')
#5 C:/Users/agusp/Desktop/Clase/TFG/F1Fantasy/backend/vendor/laravel/framework/src/Illuminate/Database/Migrations/DatabaseMigrationRepository.php(184): Illuminate/Database/Schema/MySqlBuilder->hasTable('migrations')
#6 C:/Users/agusp/Desktop/Clase/TFG/F1Fantasy/backend/vendor/laravel/framework/src/Illuminate/Database/Migrations/Migrator.php(742): Illuminate/Database/Migrations/DatabaseMigrationRepository->repositoryExists()
#7 C:/Users/agusp/Desktop/Clase/TFG/F1Fantasy/backend/vendor/laravel/framework/src/Illuminate/Database/Console/Migrations/MigrateCommand.php(165): Illuminate/Database/Migrations/Migrator->repositoryExists()
#8 C:/Users/agusp/Desktop/Clase/TFG/F1Fantasy/backend/vendor/laravel/framework/src/Illuminate/Support/helpers.php(338): Illuminate/Database/Console/Migrations/MigrateCommand->{closure:Illuminate/Database/Console/Migrations/MigrateCommand::repositoryExists():165}(1)
#9 C:/Users/agusp/Desktop/Clase/TFG/F1Fantasy/backend/vendor/laravel/framework/src/Illuminate/Database/Console/Migrations/MigrateCommand.php(165): retry(1, Object(Closure), 0, Object(Closure))
#10 C:/Users/agusp/Desktop/Clase/TFG/F1Fantasy/backend/vendor/laravel/framework/src/Illuminate/Database/Console/Migrations/MigrateCommand.php(141): Illuminate/Database/Console/Migrations/MigrateCommand->repositoryExists()
#11 C:/Users/agusp/Desktop/Clase/TFG/F1Fantasy/backend/vendor/laravel/framework/src/Illuminate/Database/Console/Migrations/MigrateCommand.php(111): Illuminate/Database/Console/Migrations/MigrateCommand->prepareDatabase()
#12 C:/Users/agusp/Desktop/Clase/TFG/F1Fantasy/backend/vendor/laravel/framework/src/Illuminate/Database/Migrations/Migrator.php(658): Illuminate/Database/Console/Migrations/MigrateCommand->{closure:Illuminate/Database/Console/Migrations/MigrateCommand::runMigrations():110}()
#13 C:/Users/agusp/Desktop/Clase/TFG/F1Fantasy/backend/vendor/laravel/framework/src/Illuminate/Database/Console/Migrations/MigrateCommand.php(110): Illuminate/Database/Migrations/Migrator->usingConnection(NULL, Object(Closure))
#14 C:/Users/agusp/Desktop/Clase/TFG/F1Fantasy/backend/vendor/laravel/framework/src/Illuminate/Database/Console/Migrations/MigrateCommand.php(89): Illuminate/Database/Console/Migrations/MigrateCommand->runMigrations()
#15 C:/Users/agusp/Desktop/Clase/TFG/F1Fantasy/backend/vendor/laravel/framework/src/Illuminate/Container/BoundMethod.php(36): Illuminate/Database/Console/Migrations/MigrateCommand->handle()
#16 C:/Users/agusp/Desktop/Clase/TFG/F1Fantasy/backend/vendor/laravel/framework/src/Illuminate/Container/Util.php(43): Illuminate/Container/BoundMethod::{closure:Illuminate/Container/BoundMethod::call():35}()
#17 C:/Users/agusp/Desktop/Clase/TFG/F1Fantasy/backend/vendor/laravel/framework/src/Illuminate/Container/BoundMethod.php(95): Illuminate/Container/Util::unwrapIfClosure(Object(Closure))
#18 C:/Users/agusp/Desktop/Clase/TFG/F1Fantasy/backend/vendor/laravel/framework/src/Illuminate/Container/BoundMethod.php(35): Illuminate/Container/BoundMethod::callBoundMethod(Object(Illuminate/Foundation/Application), Array, Object(Closure))
#19 C:/Users/agusp/Desktop/Clase/TFG/F1Fantasy/backend/vendor/laravel/framework/src/Illuminate/Container/Container.php(696): Illuminate/Container/BoundMethod::call(Object(Illuminate/Foundation/Application), Array, Array, NULL)
#20 C:/Users/agusp/Desktop/Clase/TFG/F1Fantasy/backend/vendor/laravel/framework/src/Illuminate/Console/Command.php(213): Illuminate/Container/Container->call(Array)
#21 C:/Users/agusp/Desktop/Clase/TFG/F1Fantasy/backend/vendor/symfony/console/Command/Command.php(341): Illuminate/Console/Command->execute(Object(Symfony/Component/Console/Input/ArgvInput), Object(Illuminate/Console/OutputStyle))
#22 C:/Users/agusp/Desktop/Clase/TFG/F1Fantasy/backend/vendor/laravel/framework/src/Illuminate/Console/Command.php(182): Symfony/Component/Console/Command/Command->run(Object(Symfony/Component/Console/Input/ArgvInput), Object(Illuminate/Console/OutputStyle))
#23 C:/Users/agusp/Desktop/Clase/TFG/F1Fantasy/backend/vendor/symfony/console/Application.php(1117): Illuminate/Console/Command->run(Object(Symfony/Component/Console/Input/ArgvInput), Object(Symfony/Component/Console/Output/ConsoleOutput))
#24 C:/Users/agusp/Desktop/Clase/TFG/F1Fantasy/backend/vendor/symfony/console/Application.php(356): Symfony/Component/Console/Application->doRunCommand(Object(Illuminate/Database/Console/Migrations/MigrateCommand), Object(Symfony/Component/Console/Input/ArgvInput), Object(Symfony/Component/Console/Output/ConsoleOutput))
#25 C:/Users/agusp/Desktop/Clase/TFG/F1Fantasy/backend/vendor/symfony/console/Application.php(195): Symfony/Component/Console/Application->doRun(Object(Symfony/Component/Console/Input/ArgvInput), Object(Symfony/Component/Console/Output/ConsoleOutput))
#26 C:/Users/agusp/Desktop/Clase/TFG/F1Fantasy/backend/vendor/laravel/framework/src/Illuminate/Foundation/Console/Kernel.php(198): Symfony/Component/Console/Application->run(Object(Symfony/Component/Console/Input/ArgvInput), Object(Symfony/Component/Console/Output/ConsoleOutput))
#27 C:/Users/agusp/Desktop/Clase/TFG/F1Fantasy/backend/vendor/laravel/framework/src/Illuminate/Foundation/Application.php(1235): Illuminate/Foundation/Console/Kernel->handle(Object(Symfony/Component/Console/Input/ArgvInput), Object(Symfony/Component/Console/Output/ConsoleOutput))
#28 C:/Users/agusp/Desktop/Clase/TFG/F1Fantasy/backend/artisan(13): Illuminate/Foundation/Application->handleCommand(Object(Symfony/Component/Console/Input/ArgvInput))
#29 {main}

[previous exception] [object] (PDOException(code: 1045): SQLSTATE[HY000] [1045] Access denied for user 'root'@'localhost' (using password: YES) at C:/Users/agusp/Desktop/Clase/TFG/F1Fantasy/backend/vendor/laravel/framework/src/Illuminate/Database/Connectors/Connector.php:67)
[stacktrace]
#0 C:/Users/agusp/Desktop/Clase/TFG/F1Fantasy/backend/vendor/laravel/framework/src/Illuminate/Database/Connectors/Connector.php(67): PDO::connect('mysql:host=127....', 'root', Object(SensitiveParameterValue), Array)
#1 C:/Users/agusp/Desktop/Clase/TFG/F1Fantasy/backend/vendor/laravel/framework/src/Illuminate/Database/Connectors/Connector.php(44): Illuminate/Database/Connectors/Connector->createPdoConnection('mysql:host=127....', 'root', Object(SensitiveParameterValue), Array)
#2 C:/Users/agusp/Desktop/Clase/TFG/F1Fantasy/backend/vendor/laravel/framework/src/Illuminate/Database/Connectors/MySqlConnector.php(24): Illuminate/Database/Connectors/Connector->createConnection('mysql:host=127....', Array, Array)
#3 C:/Users/agusp/Desktop/Clase/TFG/F1Fantasy/backend/vendor/laravel/framework/src/Illuminate/Database/Connectors/ConnectionFactory.php(185): Illuminate/Database/Connectors/MySqlConnector->connect(Array)
#4 [internal function]: Illuminate/Database/Connectors/ConnectionFactory->{closure:Illuminate/Database/Connectors/ConnectionFactory::createPdoResolverWithHosts():180}()
#5 C:/Users/agusp/Desktop/Clase/TFG/F1Fantasy/backend/vendor/laravel/framework/src/Illuminate/Database/Connection.php(1231): call_user_func(Object(Closure))
#6 C:/Users/agusp/Desktop/Clase/TFG/F1Fantasy/backend/vendor/laravel/framework/src/Illuminate/Database/Connection.php(1267): Illuminate/Database/Connection->getPdo()
#7 C:/Users/agusp/Desktop/Clase/TFG/F1Fantasy/backend/vendor/laravel/framework/src/Illuminate/Database/Connection.php(512): Illuminate/Database/Connection->getReadPdo()
#8 C:/Users/agusp/Desktop/Clase/TFG/F1Fantasy/backend/vendor/laravel/framework/src/Illuminate/Database/Connection.php(407): Illuminate/Database/Connection->getPdoForSelect(true)
#9 C:/Users/agusp/Desktop/Clase/TFG/F1Fantasy/backend/vendor/laravel/framework/src/Illuminate/Database/Connection.php(812): Illuminate/Database/Connection->{closure:Illuminate/Database/Connection::select():398}('select exists (...', Array)
#10 C:/Users/agusp/Desktop/Clase/TFG/F1Fantasy/backend/vendor/laravel/framework/src/Illuminate/Database/Connection.php(779): Illuminate/Database/Connection->runQueryCallback('select exists (...', Array, Object(Closure))
#11 C:/Users/agusp/Desktop/Clase/TFG/F1Fantasy/backend/vendor/laravel/framework/src/Illuminate/Database/Connection.php(398): Illuminate/Database/Connection->run('select exists (...', Array, Object(Closure))
#12 C:/Users/agusp/Desktop/Clase/TFG/F1Fantasy/backend/vendor/laravel/framework/src/Illuminate/Database/Connection.php(344): Illuminate/Database/Connection->select('select exists (...', Array, true)
#13 C:/Users/agusp/Desktop/Clase/TFG/F1Fantasy/backend/vendor/laravel/framework/src/Illuminate/Database/Connection.php(361): Illuminate/Database/Connection->selectOne('select exists (...', Array, true)
#14 C:/Users/agusp/Desktop/Clase/TFG/F1Fantasy/backend/vendor/laravel/framework/src/Illuminate/Database/Schema/MySqlBuilder.php(45): Illuminate/Database/Connection->scalar('select exists (...')
#15 C:/Users/agusp/Desktop/Clase/TFG/F1Fantasy/backend/vendor/laravel/framework/src/Illuminate/Database/Migrations/DatabaseMigrationRepository.php(184): Illuminate/Database/Schema/MySqlBuilder->hasTable('migrations')
#16 C:/Users/agusp/Desktop/Clase/TFG/F1Fantasy/backend/vendor/laravel/framework/src/Illuminate/Database/Migrations/Migrator.php(742): Illuminate/Database/Migrations/DatabaseMigrationRepository->repositoryExists()
#17 C:/Users/agusp/Desktop/Clase/TFG/F1Fantasy/backend/vendor/laravel/framework/src/Illuminate/Database/Console/Migrations/MigrateCommand.php(165): Illuminate/Database/Migrations/Migrator->repositoryExists()
#18 C:/Users/agusp/Desktop/Clase/TFG/F1Fantasy/backend/vendor/laravel/framework/src/Illuminate/Support/helpers.php(338): Illuminate/Database/Console/Migrations/MigrateCommand->{closure:Illuminate/Database/Console/Migrations/MigrateCommand::repositoryExists():165}(1)
#19 C:/Users/agusp/Desktop/Clase/TFG/F1Fantasy/backend/vendor/laravel/framework/src/Illuminate/Database/Console/Migrations/MigrateCommand.php(165): retry(1, Object(Closure), 0, Object(Closure))
#20 C:/Users/agusp/Desktop/Clase/TFG/F1Fantasy/backend/vendor/laravel/framework/src/Illuminate/Database/Console/Migrations/MigrateCommand.php(141): Illuminate/Database/Console/Migrations/MigrateCommand->repositoryExists()
#21 C:/Users/agusp/Desktop/Clase/TFG/F1Fantasy/backend/vendor/laravel/framework/src/Illuminate/Database/Console/Migrations/MigrateCommand.php(111): Illuminate/Database/Console/Migrations/MigrateCommand->prepareDatabase()
#22 C:/Users/agusp/Desktop/Clase/TFG/F1Fantasy/backend/vendor/laravel/framework/src/Illuminate/Database/Migrations/Migrator.php(658): Illuminate/Database/Console/Migrations/MigrateCommand->{closure:Illuminate/Database/Console/Migrations/MigrateCommand::runMigrations():110}()
#23 C:/Users/agusp/Desktop/Clase/TFG/F1Fantasy/backend/vendor/laravel/framework/src/Illuminate/Database/Console/Migrations/MigrateCommand.php(110): Illuminate/Database/Migrations/Migrator->usingConnection(NULL, Object(Closure))
#24 C:/Users/agusp/Desktop/Clase/TFG/F1Fantasy/backend/vendor/laravel/framework/src/Illuminate/Database/Console/Migrations/MigrateCommand.php(89): Illuminate/Database/Console/Migrations/MigrateCommand->runMigrations()
#25 C:/Users/agusp/Desktop/Clase/TFG/F1Fantasy/backend/vendor/laravel/framework/src/Illuminate/Container/BoundMethod.php(36): Illuminate/Database/Console/Migrations/MigrateCommand->handle()
#26 C:/Users/agusp/Desktop/Clase/TFG/F1Fantasy/backend/vendor/laravel/framework/src/Illuminate/Container/Util.php(43): Illuminate/Container/BoundMethod::{closure:Illuminate/Container/BoundMethod::call():35}()
#27 C:/Users/agusp/Desktop/Clase/TFG/F1Fantasy/backend/vendor/laravel/framework/src/Illuminate/Container/BoundMethod.php(95): Illuminate/Container/Util::unwrapIfClosure(Object(Closure))
#28 C:/Users/agusp/Desktop/Clase/TFG/F1Fantasy/backend/vendor/laravel/framework/src/Illuminate/Container/BoundMethod.php(35): Illuminate/Container/BoundMethod::callBoundMethod(Object(Illuminate/Foundation/Application), Array, Object(Closure))
#29 C:/Users/agusp/Desktop/Clase/TFG/F1Fantasy/backend/vendor/laravel/framework/src/Illuminate/Container/Container.php(696): Illuminate/Container/BoundMethod::call(Object(Illuminate/Foundation/Application), Array, Array, NULL)
#30 C:/Users/agusp/Desktop/Clase/TFG/F1Fantasy/backend/vendor/laravel/framework/src/Illuminate/Console/Command.php(213): Illuminate/Container/Container->call(Array)
#31 C:/Users/agusp/Desktop/Clase/TFG/F1Fantasy/backend/vendor/symfony/console/Command/Command.php(341): Illuminate/Console/Command->execute(Object(Symfony/Component/Console/Input/ArgvInput), Object(Illuminate/Console/OutputStyle))
#32 C:/Users/agusp/Desktop/Clase/TFG/F1Fantasy/backend/vendor/laravel/framework/src/Illuminate/Console/Command.php(182): Symfony/Component/Console/Command/Command->run(Object(Symfony/Component/Console/Input/ArgvInput), Object(Illuminate/Console/OutputStyle))
#33 C:/Users/agusp/Desktop/Clase/TFG/F1Fantasy/backend/vendor/symfony/console/Application.php(1117): Illuminate/Console/Command->run(Object(Symfony/Component/Console/Input/ArgvInput), Object(Symfony/Component/Console/Output/ConsoleOutput))
#34 C:/Users/agusp/Desktop/Clase/TFG/F1Fantasy/backend/vendor/symfony/console/Application.php(356): Symfony/Component/Console/Application->doRunCommand(Object(Illuminate/Database/Console/Migrations/MigrateCommand), Object(Symfony/Component/Console/Input/ArgvInput), Object(Symfony/Component/Console/Output/ConsoleOutput))
#35 C:/Users/agusp/Desktop/Clase/TFG/F1Fantasy/backend/vendor/symfony/console/Application.php(195): Symfony/Component/Console/Application->doRun(Object(Symfony/Component/Console/Input/ArgvInput), Object(Symfony/Component/Console/Output/ConsoleOutput))
#36 C:/Users/agusp/Desktop/Clase/TFG/F1Fantasy/backend/vendor/laravel/framework/src/Illuminate/Foundation/Console/Kernel.php(198): Symfony/Component/Console/Application->run(Object(Symfony/Component/Console/Input/ArgvInput), Object(Symfony/Component/Console/Output/ConsoleOutput))
#37 C:/Users/agusp/Desktop/Clase/TFG/F1Fantasy/backend/vendor/laravel/framework/src/Illuminate/Foundation/Application.php(1235): Illuminate/Foundation/Console/Kernel->handle(Object(Symfony/Component/Console/Input/ArgvInput), Object(Symfony/Component/Console/Output/ConsoleOutput))
#38 C:/Users/agusp/Desktop/Clase/TFG/F1Fantasy/backend/artisan(13): Illuminate/Foundation/Application->handleCommand(Object(Symfony/Component/Console/Input/ArgvInput))
#39 {main}
"} 
[2026-04-23 20:24:57] local.ERROR: SQLSTATE[HY000] [1045] Access denied for user 'f1fantasy'@'localhost' (using password: YES) (Connection: mysql, SQL: select exists (select 1 from information_schema.tables where table_schema = 'f1fantasy' and table_name = 'migrations' and table_type in ('BASE TABLE', 'SYSTEM VERSIONED')) as `exists`) {"exception":"[object] (Illuminate\\Database\\QueryException(code: 1045): SQLSTATE[HY000] [1045] Access denied for user 'f1fantasy'@'localhost' (using password: YES) (Connection: mysql, SQL: select exists (select 1 from information_schema.tables where table_schema = 'f1fantasy' and table_name = 'migrations' and table_type in ('BASE TABLE', 'SYSTEM VERSIONED')) as `exists`) at C:/Users/agusp/Desktop/Clase/TFG/F1Fantasy/backend/vendor/laravel/framework/src/Illuminate/Database/Connection.php:825)
[stacktrace]
#0 C:/Users/agusp/Desktop/Clase/TFG/F1Fantasy/backend/vendor/laravel/framework/src/Illuminate/Database/Connection.php(779): Illuminate/Database/Connection->runQueryCallback('select exists (...', Array, Object(Closure))
#1 C:/Users/agusp/Desktop/Clase/TFG/F1Fantasy/backend/vendor/laravel/framework/src/Illuminate/Database/Connection.php(398): Illuminate/Database/Connection->run('select exists (...', Array, Object(Closure))
#2 C:/Users/agusp/Desktop/Clase/TFG/F1Fantasy/backend/vendor/laravel/framework/src/Illuminate/Database/Connection.php(344): Illuminate/Database/Connection->select('select exists (...', Array, true)
#3 C:/Users/agusp/Desktop/Clase/TFG/F1Fantasy/backend/vendor/laravel/framework/src/Illuminate/Database/Connection.php(361): Illuminate/Database/Connection->selectOne('select exists (...', Array, true)
#4 C:/Users/agusp/Desktop/Clase/TFG/F1Fantasy/backend/vendor/laravel/framework/src/Illuminate/Database/Schema/MySqlBuilder.php(45): Illuminate/Database/Connection->scalar('select exists (...')
#5 C:/Users/agusp/Desktop/Clase/TFG/F1Fantasy/backend/vendor/laravel/framework/src/Illuminate/Database/Migrations/DatabaseMigrationRepository.php(184): Illuminate/Database/Schema/MySqlBuilder->hasTable('migrations')
#6 C:/Users/agusp/Desktop/Clase/TFG/F1Fantasy/backend/vendor/laravel/framework/src/Illuminate/Database/Migrations/Migrator.php(742): Illuminate/Database/Migrations/DatabaseMigrationRepository->repositoryExists()
#7 C:/Users/agusp/Desktop/Clase/TFG/F1Fantasy/backend/vendor/laravel/framework/src/Illuminate/Database/Console/Migrations/MigrateCommand.php(165): Illuminate/Database/Migrations/Migrator->repositoryExists()
#8 C:/Users/agusp/Desktop/Clase/TFG/F1Fantasy/backend/vendor/laravel/framework/src/Illuminate/Support/helpers.php(338): Illuminate/Database/Console/Migrations/MigrateCommand->{closure:Illuminate/Database/Console/Migrations/MigrateCommand::repositoryExists():165}(1)
#9 C:/Users/agusp/Desktop/Clase/TFG/F1Fantasy/backend/vendor/laravel/framework/src/Illuminate/Database/Console/Migrations/MigrateCommand.php(165): retry(1, Object(Closure), 0, Object(Closure))
#10 C:/Users/agusp/Desktop/Clase/TFG/F1Fantasy/backend/vendor/laravel/framework/src/Illuminate/Database/Console/Migrations/MigrateCommand.php(141): Illuminate/Database/Console/Migrations/MigrateCommand->repositoryExists()
#11 C:/Users/agusp/Desktop/Clase/TFG/F1Fantasy/backend/vendor/laravel/framework/src/Illuminate/Database/Console/Migrations/MigrateCommand.php(111): Illuminate/Database/Console/Migrations/MigrateCommand->prepareDatabase()
#12 C:/Users/agusp/Desktop/Clase/TFG/F1Fantasy/backend/vendor/laravel/framework/src/Illuminate/Database/Migrations/Migrator.php(658): Illuminate/Database/Console/Migrations/MigrateCommand->{closure:Illuminate/Database/Console/Migrations/MigrateCommand::runMigrations():110}()
#13 C:/Users/agusp/Desktop/Clase/TFG/F1Fantasy/backend/vendor/laravel/framework/src/Illuminate/Database/Console/Migrations/MigrateCommand.php(110): Illuminate/Database/Migrations/Migrator->usingConnection(NULL, Object(Closure))
#14 C:/Users/agusp/Desktop/Clase/TFG/F1Fantasy/backend/vendor/laravel/framework/src/Illuminate/Database/Console/Migrations/MigrateCommand.php(89): Illuminate/Database/Console/Migrations/MigrateCommand->runMigrations()
#15 C:/Users/agusp/Desktop/Clase/TFG/F1Fantasy/backend/vendor/laravel/framework/src/Illuminate/Container/BoundMethod.php(36): Illuminate/Database/Console/Migrations/MigrateCommand->handle()
#16 C:/Users/agusp/Desktop/Clase/TFG/F1Fantasy/backend/vendor/laravel/framework/src/Illuminate/Container/Util.php(43): Illuminate/Container/BoundMethod::{closure:Illuminate/Container/BoundMethod::call():35}()
#17 C:/Users/agusp/Desktop/Clase/TFG/F1Fantasy/backend/vendor/laravel/framework/src/Illuminate/Container/BoundMethod.php(95): Illuminate/Container/Util::unwrapIfClosure(Object(Closure))
#18 C:/Users/agusp/Desktop/Clase/TFG/F1Fantasy/backend/vendor/laravel/framework/src/Illuminate/Container/BoundMethod.php(35): Illuminate/Container/BoundMethod::callBoundMethod(Object(Illuminate/Foundation/Application), Array, Object(Closure))
#19 C:/Users/agusp/Desktop/Clase/TFG/F1Fantasy/backend/vendor/laravel/framework/src/Illuminate/Container/Container.php(696): Illuminate/Container/BoundMethod::call(Object(Illuminate/Foundation/Application), Array, Array, NULL)
#20 C:/Users/agusp/Desktop/Clase/TFG/F1Fantasy/backend/vendor/laravel/framework/src/Illuminate/Console/Command.php(213): Illuminate/Container/Container->call(Array)
#21 C:/Users/agusp/Desktop/Clase/TFG/F1Fantasy/backend/vendor/symfony/console/Command/Command.php(341): Illuminate/Console/Command->execute(Object(Symfony/Component/Console/Input/ArgvInput), Object(Illuminate/Console/OutputStyle))
#22 C:/Users/agusp/Desktop/Clase/TFG/F1Fantasy/backend/vendor/laravel/framework/src/Illuminate/Console/Command.php(182): Symfony/Component/Console/Command/Command->run(Object(Symfony/Component/Console/Input/ArgvInput), Object(Illuminate/Console/OutputStyle))
#23 C:/Users/agusp/Desktop/Clase/TFG/F1Fantasy/backend/vendor/symfony/console/Application.php(1117): Illuminate/Console/Command->run(Object(Symfony/Component/Console/Input/ArgvInput), Object(Symfony/Component/Console/Output/ConsoleOutput))
#24 C:/Users/agusp/Desktop/Clase/TFG/F1Fantasy/backend/vendor/symfony/console/Application.php(356): Symfony/Component/Console/Application->doRunCommand(Object(Illuminate/Database/Console/Migrations/MigrateCommand), Object(Symfony/Component/Console/Input/ArgvInput), Object(Symfony/Component/Console/Output/ConsoleOutput))
#25 C:/Users/agusp/Desktop/Clase/TFG/F1Fantasy/backend/vendor/symfony/console/Application.php(195): Symfony/Component/Console/Application->doRun(Object(Symfony/Component/Console/Input/ArgvInput), Object(Symfony/Component/Console/Output/ConsoleOutput))
#26 C:/Users/agusp/Desktop/Clase/TFG/F1Fantasy/backend/vendor/laravel/framework/src/Illuminate/Foundation/Console/Kernel.php(198): Symfony/Component/Console/Application->run(Object(Symfony/Component/Console/Input/ArgvInput), Object(Symfony/Component/Console/Output/ConsoleOutput))
#27 C:/Users/agusp/Desktop/Clase/TFG/F1Fantasy/backend/vendor/laravel/framework/src/Illuminate/Foundation/Application.php(1235): Illuminate/Foundation/Console/Kernel->handle(Object(Symfony/Component/Console/Input/ArgvInput), Object(Symfony/Component/Console/Output/ConsoleOutput))
#28 C:/Users/agusp/Desktop/Clase/TFG/F1Fantasy/backend/artisan(13): Illuminate/Foundation/Application->handleCommand(Object(Symfony/Component/Console/Input/ArgvInput))
#29 {main}

[previous exception] [object] (PDOException(code: 1045): SQLSTATE[HY000] [1045] Access denied for user 'f1fantasy'@'localhost' (using password: YES) at C:/Users/agusp/Desktop/Clase/TFG/F1Fantasy/backend/vendor/laravel/framework/src/Illuminate/Database/Connectors/Connector.php:67)
[stacktrace]
#0 C:/Users/agusp/Desktop/Clase/TFG/F1Fantasy/backend/vendor/laravel/framework/src/Illuminate/Database/Connectors/Connector.php(67): PDO::connect('mysql:host=127....', 'f1fantasy', Object(SensitiveParameterValue), Array)
#1 C:/Users/agusp/Desktop/Clase/TFG/F1Fantasy/backend/vendor/laravel/framework/src/Illuminate/Database/Connectors/Connector.php(44): Illuminate/Database/Connectors/Connector->createPdoConnection('mysql:host=127....', 'f1fantasy', Object(SensitiveParameterValue), Array)
#2 C:/Users/agusp/Desktop/Clase/TFG/F1Fantasy/backend/vendor/laravel/framework/src/Illuminate/Database/Connectors/MySqlConnector.php(24): Illuminate/Database/Connectors/Connector->createConnection('mysql:host=127....', Array, Array)
#3 C:/Users/agusp/Desktop/Clase/TFG/F1Fantasy/backend/vendor/laravel/framework/src/Illuminate/Database/Connectors/ConnectionFactory.php(185): Illuminate/Database/Connectors/MySqlConnector->connect(Array)
#4 [internal function]: Illuminate/Database/Connectors/ConnectionFactory->{closure:Illuminate/Database/Connectors/ConnectionFactory::createPdoResolverWithHosts():180}()
#5 C:/Users/agusp/Desktop/Clase/TFG/F1Fantasy/backend/vendor/laravel/framework/src/Illuminate/Database/Connection.php(1231): call_user_func(Object(Closure))
#6 C:/Users/agusp/Desktop/Clase/TFG/F1Fantasy/backend/vendor/laravel/framework/src/Illuminate/Database/Connection.php(1267): Illuminate/Database/Connection->getPdo()
#7 C:/Users/agusp/Desktop/Clase/TFG/F1Fantasy/backend/vendor/laravel/framework/src/Illuminate/Database/Connection.php(512): Illuminate/Database/Connection->getReadPdo()
#8 C:/Users/agusp/Desktop/Clase/TFG/F1Fantasy/backend/vendor/laravel/framework/src/Illuminate/Database/Connection.php(407): Illuminate/Database/Connection->getPdoForSelect(true)
#9 C:/Users/agusp/Desktop/Clase/TFG/F1Fantasy/backend/vendor/laravel/framework/src/Illuminate/Database/Connection.php(812): Illuminate/Database/Connection->{closure:Illuminate/Database/Connection::select():398}('select exists (...', Array)
#10 C:/Users/agusp/Desktop/Clase/TFG/F1Fantasy/backend/vendor/laravel/framework/src/Illuminate/Database/Connection.php(779): Illuminate/Database/Connection->runQueryCallback('select exists (...', Array, Object(Closure))
#11 C:/Users/agusp/Desktop/Clase/TFG/F1Fantasy/backend/vendor/laravel/framework/src/Illuminate/Database/Connection.php(398): Illuminate/Database/Connection->run('select exists (...', Array, Object(Closure))
#12 C:/Users/agusp/Desktop/Clase/TFG/F1Fantasy/backend/vendor/laravel/framework/src/Illuminate/Database/Connection.php(344): Illuminate/Database/Connection->select('select exists (...', Array, true)
#13 C:/Users/agusp/Desktop/Clase/TFG/F1Fantasy/backend/vendor/laravel/framework/src/Illuminate/Database/Connection.php(361): Illuminate/Database/Connection->selectOne('select exists (...', Array, true)
#14 C:/Users/agusp/Desktop/Clase/TFG/F1Fantasy/backend/vendor/laravel/framework/src/Illuminate/Database/Schema/MySqlBuilder.php(45): Illuminate/Database/Connection->scalar('select exists (...')
#15 C:/Users/agusp/Desktop/Clase/TFG/F1Fantasy/backend/vendor/laravel/framework/src/Illuminate/Database/Migrations/DatabaseMigrationRepository.php(184): Illuminate/Database/Schema/MySqlBuilder->hasTable('migrations')
#16 C:/Users/agusp/Desktop/Clase/TFG/F1Fantasy/backend/vendor/laravel/framework/src/Illuminate/Database/Migrations/Migrator.php(742): Illuminate/Database/Migrations/DatabaseMigrationRepository->repositoryExists()
#17 C:/Users/agusp/Desktop/Clase/TFG/F1Fantasy/backend/vendor/laravel/framework/src/Illuminate/Database/Console/Migrations/MigrateCommand.php(165): Illuminate/Database/Migrations/Migrator->repositoryExists()
#18 C:/Users/agusp/Desktop/Clase/TFG/F1Fantasy/backend/vendor/laravel/framework/src/Illuminate/Support/helpers.php(338): Illuminate/Database/Console/Migrations/MigrateCommand->{closure:Illuminate/Database/Console/Migrations/MigrateCommand::repositoryExists():165}(1)
#19 C:/Users/agusp/Desktop/Clase/TFG/F1Fantasy/backend/vendor/laravel/framework/src/Illuminate/Database/Console/Migrations/MigrateCommand.php(165): retry(1, Object(Closure), 0, Object(Closure))
#20 C:/Users/agusp/Desktop/Clase/TFG/F1Fantasy/backend/vendor/laravel/framework/src/Illuminate/Database/Console/Migrations/MigrateCommand.php(141): Illuminate/Database/Console/Migrations/MigrateCommand->repositoryExists()
#21 C:/Users/agusp/Desktop/Clase/TFG/F1Fantasy/backend/vendor/laravel/framework/src/Illuminate/Database/Console/Migrations/MigrateCommand.php(111): Illuminate/Database/Console/Migrations/MigrateCommand->prepareDatabase()
#22 C:/Users/agusp/Desktop/Clase/TFG/F1Fantasy/backend/vendor/laravel/framework/src/Illuminate/Database/Migrations/Migrator.php(658): Illuminate/Database/Console/Migrations/MigrateCommand->{closure:Illuminate/Database/Console/Migrations/MigrateCommand::runMigrations():110}()
#23 C:/Users/agusp/Desktop/Clase/TFG/F1Fantasy/backend/vendor/laravel/framework/src/Illuminate/Database/Console/Migrations/MigrateCommand.php(110): Illuminate/Database/Migrations/Migrator->usingConnection(NULL, Object(Closure))
#24 C:/Users/agusp/Desktop/Clase/TFG/F1Fantasy/backend/vendor/laravel/framework/src/Illuminate/Database/Console/Migrations/MigrateCommand.php(89): Illuminate/Database/Console/Migrations/MigrateCommand->runMigrations()
#25 C:/Users/agusp/Desktop/Clase/TFG/F1Fantasy/backend/vendor/laravel/framework/src/Illuminate/Container/BoundMethod.php(36): Illuminate/Database/Console/Migrations/MigrateCommand->handle()
#26 C:/Users/agusp/Desktop/Clase/TFG/F1Fantasy/backend/vendor/laravel/framework/src/Illuminate/Container/Util.php(43): Illuminate/Container/BoundMethod::{closure:Illuminate/Container/BoundMethod::call():35}()
#27 C:/Users/agusp/Desktop/Clase/TFG/F1Fantasy/backend/vendor/laravel/framework/src/Illuminate/Container/BoundMethod.php(95): Illuminate/Container/Util::unwrapIfClosure(Object(Closure))
#28 C:/Users/agusp/Desktop/Clase/TFG/F1Fantasy/backend/vendor/laravel/framework/src/Illuminate/Container/BoundMethod.php(35): Illuminate/Container/BoundMethod::callBoundMethod(Object(Illuminate/Foundation/Application), Array, Object(Closure))
#29 C:/Users/agusp/Desktop/Clase/TFG/F1Fantasy/backend/vendor/laravel/framework/src/Illuminate/Container/Container.php(696): Illuminate/Container/BoundMethod::call(Object(Illuminate/Foundation/Application), Array, Array, NULL)
#30 C:/Users/agusp/Desktop/Clase/TFG/F1Fantasy/backend/vendor/laravel/framework/src/Illuminate/Console/Command.php(213): Illuminate/Container/Container->call(Array)
#31 C:/Users/agusp/Desktop/Clase/TFG/F1Fantasy/backend/vendor/symfony/console/Command/Command.php(341): Illuminate/Console/Command->execute(Object(Symfony/Component/Console/Input/ArgvInput), Object(Illuminate/Console/OutputStyle))
#32 C:/Users/agusp/Desktop/Clase/TFG/F1Fantasy/backend/vendor/laravel/framework/src/Illuminate/Console/Command.php(182): Symfony/Component/Console/Command/Command->run(Object(Symfony/Component/Console/Input/ArgvInput), Object(Illuminate/Console/OutputStyle))
#33 C:/Users/agusp/Desktop/Clase/TFG/F1Fantasy/backend/vendor/symfony/console/Application.php(1117): Illuminate/Console/Command->run(Object(Symfony/Component/Console/Input/ArgvInput), Object(Symfony/Component/Console/Output/ConsoleOutput))
#34 C:/Users/agusp/Desktop/Clase/TFG/F1Fantasy/backend/vendor/symfony/console/Application.php(356): Symfony/Component/Console/Application->doRunCommand(Object(Illuminate/Database/Console/Migrations/MigrateCommand), Object(Symfony/Component/Console/Input/ArgvInput), Object(Symfony/Component/Console/Output/ConsoleOutput))
#35 C:/Users/agusp/Desktop/Clase/TFG/F1Fantasy/backend/vendor/symfony/console/Application.php(195): Symfony/Component/Console/Application->doRun(Object(Symfony/Component/Console/Input/ArgvInput), Object(Symfony/Component/Console/Output/ConsoleOutput))
#36 C:/Users/agusp/Desktop/Clase/TFG/F1Fantasy/backend/vendor/laravel/framework/src/Illuminate/Foundation/Console/Kernel.php(198): Symfony/Component/Console/Application->run(Object(Symfony/Component/Console/Input/ArgvInput), Object(Symfony/Component/Console/Output/ConsoleOutput))
#37 C:/Users/agusp/Desktop/Clase/TFG/F1Fantasy/backend/vendor/laravel/framework/src/Illuminate/Foundation/Application.php(1235): Illuminate/Foundation/Console/Kernel->handle(Object(Symfony/Component/Console/Input/ArgvInput), Object(Symfony/Component/Console/Output/ConsoleOutput))
#38 C:/Users/agusp/Desktop/Clase/TFG/F1Fantasy/backend/artisan(13): Illuminate/Foundation/Application->handleCommand(Object(Symfony/Component/Console/Input/ArgvInput))
#39 {main}
"} 
[2026-04-23 20:25:50] local.ERROR: SQLSTATE[HY000] [1045] Access denied for user 'f1fantasy'@'localhost' (using password: YES) (Connection: mysql, SQL: select exists (select 1 from information_schema.tables where table_schema = 'f1fantasy' and table_name = 'migrations' and table_type in ('BASE TABLE', 'SYSTEM VERSIONED')) as `exists`) {"exception":"[object] (Illuminate\\Database\\QueryException(code: 1045): SQLSTATE[HY000] [1045] Access denied for user 'f1fantasy'@'localhost' (using password: YES) (Connection: mysql, SQL: select exists (select 1 from information_schema.tables where table_schema = 'f1fantasy' and table_name = 'migrations' and table_type in ('BASE TABLE', 'SYSTEM VERSIONED')) as `exists`) at C:/Users/agusp/Desktop/Clase/TFG/F1Fantasy/backend/vendor/laravel/framework/src/Illuminate/Database/Connection.php:825)
[stacktrace]
#0 C:/Users/agusp/Desktop/Clase/TFG/F1Fantasy/backend/vendor/laravel/framework/src/Illuminate/Database/Connection.php(779): Illuminate/Database/Connection->runQueryCallback('select exists (...', Array, Object(Closure))
#1 C:/Users/agusp/Desktop/Clase/TFG/F1Fantasy/backend/vendor/laravel/framework/src/Illuminate/Database/Connection.php(398): Illuminate/Database/Connection->run('select exists (...', Array, Object(Closure))
#2 C:/Users/agusp/Desktop/Clase/TFG/F1Fantasy/backend/vendor/laravel/framework/src/Illuminate/Database/Connection.php(344): Illuminate/Database/Connection->select('select exists (...', Array, true)
#3 C:/Users/agusp/Desktop/Clase/TFG/F1Fantasy/backend/vendor/laravel/framework/src/Illuminate/Database/Connection.php(361): Illuminate/Database/Connection->selectOne('select exists (...', Array, true)
#4 C:/Users/agusp/Desktop/Clase/TFG/F1Fantasy/backend/vendor/laravel/framework/src/Illuminate/Database/Schema/MySqlBuilder.php(45): Illuminate/Database/Connection->scalar('select exists (...')
#5 C:/Users/agusp/Desktop/Clase/TFG/F1Fantasy/backend/vendor/laravel/framework/src/Illuminate/Database/Migrations/DatabaseMigrationRepository.php(184): Illuminate/Database/Schema/MySqlBuilder->hasTable('migrations')
#6 C:/Users/agusp/Desktop/Clase/TFG/F1Fantasy/backend/vendor/laravel/framework/src/Illuminate/Database/Migrations/Migrator.php(742): Illuminate/Database/Migrations/DatabaseMigrationRepository->repositoryExists()
#7 C:/Users/agusp/Desktop/Clase/TFG/F1Fantasy/backend/vendor/laravel/framework/src/Illuminate/Database/Console/Migrations/MigrateCommand.php(165): Illuminate/Database/Migrations/Migrator->repositoryExists()
#8 C:/Users/agusp/Desktop/Clase/TFG/F1Fantasy/backend/vendor/laravel/framework/src/Illuminate/Support/helpers.php(338): Illuminate/Database/Console/Migrations/MigrateCommand->{closure:Illuminate/Database/Console/Migrations/MigrateCommand::repositoryExists():165}(1)
#9 C:/Users/agusp/Desktop/Clase/TFG/F1Fantasy/backend/vendor/laravel/framework/src/Illuminate/Database/Console/Migrations/MigrateCommand.php(165): retry(1, Object(Closure), 0, Object(Closure))
#10 C:/Users/agusp/Desktop/Clase/TFG/F1Fantasy/backend/vendor/laravel/framework/src/Illuminate/Database/Console/Migrations/MigrateCommand.php(141): Illuminate/Database/Console/Migrations/MigrateCommand->repositoryExists()
#11 C:/Users/agusp/Desktop/Clase/TFG/F1Fantasy/backend/vendor/laravel/framework/src/Illuminate/Database/Console/Migrations/MigrateCommand.php(111): Illuminate/Database/Console/Migrations/MigrateCommand->prepareDatabase()
#12 C:/Users/agusp/Desktop/Clase/TFG/F1Fantasy/backend/vendor/laravel/framework/src/Illuminate/Database/Migrations/Migrator.php(658): Illuminate/Database/Console/Migrations/MigrateCommand->{closure:Illuminate/Database/Console/Migrations/MigrateCommand::runMigrations():110}()
#13 C:/Users/agusp/Desktop/Clase/TFG/F1Fantasy/backend/vendor/laravel/framework/src/Illuminate/Database/Console/Migrations/MigrateCommand.php(110): Illuminate/Database/Migrations/Migrator->usingConnection(NULL, Object(Closure))
#14 C:/Users/agusp/Desktop/Clase/TFG/F1Fantasy/backend/vendor/laravel/framework/src/Illuminate/Database/Console/Migrations/MigrateCommand.php(89): Illuminate/Database/Console/Migrations/MigrateCommand->runMigrations()
#15 C:/Users/agusp/Desktop/Clase/TFG/F1Fantasy/backend/vendor/laravel/framework/src/Illuminate/Container/BoundMethod.php(36): Illuminate/Database/Console/Migrations/MigrateCommand->handle()
#16 C:/Users/agusp/Desktop/Clase/TFG/F1Fantasy/backend/vendor/laravel/framework/src/Illuminate/Container/Util.php(43): Illuminate/Container/BoundMethod::{closure:Illuminate/Container/BoundMethod::call():35}()
#17 C:/Users/agusp/Desktop/Clase/TFG/F1Fantasy/backend/vendor/laravel/framework/src/Illuminate/Container/BoundMethod.php(95): Illuminate/Container/Util::unwrapIfClosure(Object(Closure))
#18 C:/Users/agusp/Desktop/Clase/TFG/F1Fantasy/backend/vendor/laravel/framework/src/Illuminate/Container/BoundMethod.php(35): Illuminate/Container/BoundMethod::callBoundMethod(Object(Illuminate/Foundation/Application), Array, Object(Closure))
#19 C:/Users/agusp/Desktop/Clase/TFG/F1Fantasy/backend/vendor/laravel/framework/src/Illuminate/Container/Container.php(696): Illuminate/Container/BoundMethod::call(Object(Illuminate/Foundation/Application), Array, Array, NULL)
#20 C:/Users/agusp/Desktop/Clase/TFG/F1Fantasy/backend/vendor/laravel/framework/src/Illuminate/Console/Command.php(213): Illuminate/Container/Container->call(Array)
#21 C:/Users/agusp/Desktop/Clase/TFG/F1Fantasy/backend/vendor/symfony/console/Command/Command.php(341): Illuminate/Console/Command->execute(Object(Symfony/Component/Console/Input/ArgvInput), Object(Illuminate/Console/OutputStyle))
#22 C:/Users/agusp/Desktop/Clase/TFG/F1Fantasy/backend/vendor/laravel/framework/src/Illuminate/Console/Command.php(182): Symfony/Component/Console/Command/Command->run(Object(Symfony/Component/Console/Input/ArgvInput), Object(Illuminate/Console/OutputStyle))
#23 C:/Users/agusp/Desktop/Clase/TFG/F1Fantasy/backend/vendor/symfony/console/Application.php(1117): Illuminate/Console/Command->run(Object(Symfony/Component/Console/Input/ArgvInput), Object(Symfony/Component/Console/Output/ConsoleOutput))
#24 C:/Users/agusp/Desktop/Clase/TFG/F1Fantasy/backend/vendor/symfony/console/Application.php(356): Symfony/Component/Console/Application->doRunCommand(Object(Illuminate/Database/Console/Migrations/MigrateCommand), Object(Symfony/Component/Console/Input/ArgvInput), Object(Symfony/Component/Console/Output/ConsoleOutput))
#25 C:/Users/agusp/Desktop/Clase/TFG/F1Fantasy/backend/vendor/symfony/console/Application.php(195): Symfony/Component/Console/Application->doRun(Object(Symfony/Component/Console/Input/ArgvInput), Object(Symfony/Component/Console/Output/ConsoleOutput))
#26 C:/Users/agusp/Desktop/Clase/TFG/F1Fantasy/backend/vendor/laravel/framework/src/Illuminate/Foundation/Console/Kernel.php(198): Symfony/Component/Console/Application->run(Object(Symfony/Component/Console/Input/ArgvInput), Object(Symfony/Component/Console/Output/ConsoleOutput))
#27 C:/Users/agusp/Desktop/Clase/TFG/F1Fantasy/backend/vendor/laravel/framework/src/Illuminate/Foundation/Application.php(1235): Illuminate/Foundation/Console/Kernel->handle(Object(Symfony/Component/Console/Input/ArgvInput), Object(Symfony/Component/Console/Output/ConsoleOutput))
#28 C:/Users/agusp/Desktop/Clase/TFG/F1Fantasy/backend/artisan(13): Illuminate/Foundation/Application->handleCommand(Object(Symfony/Component/Console/Input/ArgvInput))
#29 {main}

[previous exception] [object] (PDOException(code: 1045): SQLSTATE[HY000] [1045] Access denied for user 'f1fantasy'@'localhost' (using password: YES) at C:/Users/agusp/Desktop/Clase/TFG/F1Fantasy/backend/vendor/laravel/framework/src/Illuminate/Database/Connectors/Connector.php:67)
[stacktrace]
#0 C:/Users/agusp/Desktop/Clase/TFG/F1Fantasy/backend/vendor/laravel/framework/src/Illuminate/Database/Connectors/Connector.php(67): PDO::connect('mysql:host=127....', 'f1fantasy', Object(SensitiveParameterValue), Array)
#1 C:/Users/agusp/Desktop/Clase/TFG/F1Fantasy/backend/vendor/laravel/framework/src/Illuminate/Database/Connectors/Connector.php(44): Illuminate/Database/Connectors/Connector->createPdoConnection('mysql:host=127....', 'f1fantasy', Object(SensitiveParameterValue), Array)
#2 C:/Users/agusp/Desktop/Clase/TFG/F1Fantasy/backend/vendor/laravel/framework/src/Illuminate/Database/Connectors/MySqlConnector.php(24): Illuminate/Database/Connectors/Connector->createConnection('mysql:host=127....', Array, Array)
#3 C:/Users/agusp/Desktop/Clase/TFG/F1Fantasy/backend/vendor/laravel/framework/src/Illuminate/Database/Connectors/ConnectionFactory.php(185): Illuminate/Database/Connectors/MySqlConnector->connect(Array)
#4 [internal function]: Illuminate/Database/Connectors/ConnectionFactory->{closure:Illuminate/Database/Connectors/ConnectionFactory::createPdoResolverWithHosts():180}()
#5 C:/Users/agusp/Desktop/Clase/TFG/F1Fantasy/backend/vendor/laravel/framework/src/Illuminate/Database/Connection.php(1231): call_user_func(Object(Closure))
#6 C:/Users/agusp/Desktop/Clase/TFG/F1Fantasy/backend/vendor/laravel/framework/src/Illuminate/Database/Connection.php(1267): Illuminate/Database/Connection->getPdo()
#7 C:/Users/agusp/Desktop/Clase/TFG/F1Fantasy/backend/vendor/laravel/framework/src/Illuminate/Database/Connection.php(512): Illuminate/Database/Connection->getReadPdo()
#8 C:/Users/agusp/Desktop/Clase/TFG/F1Fantasy/backend/vendor/laravel/framework/src/Illuminate/Database/Connection.php(407): Illuminate/Database/Connection->getPdoForSelect(true)
#9 C:/Users/agusp/Desktop/Clase/TFG/F1Fantasy/backend/vendor/laravel/framework/src/Illuminate/Database/Connection.php(812): Illuminate/Database/Connection->{closure:Illuminate/Database/Connection::select():398}('select exists (...', Array)
#10 C:/Users/agusp/Desktop/Clase/TFG/F1Fantasy/backend/vendor/laravel/framework/src/Illuminate/Database/Connection.php(779): Illuminate/Database/Connection->runQueryCallback('select exists (...', Array, Object(Closure))
#11 C:/Users/agusp/Desktop/Clase/TFG/F1Fantasy/backend/vendor/laravel/framework/src/Illuminate/Database/Connection.php(398): Illuminate/Database/Connection->run('select exists (...', Array, Object(Closure))
#12 C:/Users/agusp/Desktop/Clase/TFG/F1Fantasy/backend/vendor/laravel/framework/src/Illuminate/Database/Connection.php(344): Illuminate/Database/Connection->select('select exists (...', Array, true)
#13 C:/Users/agusp/Desktop/Clase/TFG/F1Fantasy/backend/vendor/laravel/framework/src/Illuminate/Database/Connection.php(361): Illuminate/Database/Connection->selectOne('select exists (...', Array, true)
#14 C:/Users/agusp/Desktop/Clase/TFG/F1Fantasy/backend/vendor/laravel/framework/src/Illuminate/Database/Schema/MySqlBuilder.php(45): Illuminate/Database/Connection->scalar('select exists (...')
#15 C:/Users/agusp/Desktop/Clase/TFG/F1Fantasy/backend/vendor/laravel/framework/src/Illuminate/Database/Migrations/DatabaseMigrationRepository.php(184): Illuminate/Database/Schema/MySqlBuilder->hasTable('migrations')
#16 C:/Users/agusp/Desktop/Clase/TFG/F1Fantasy/backend/vendor/laravel/framework/src/Illuminate/Database/Migrations/Migrator.php(742): Illuminate/Database/Migrations/DatabaseMigrationRepository->repositoryExists()
#17 C:/Users/agusp/Desktop/Clase/TFG/F1Fantasy/backend/vendor/laravel/framework/src/Illuminate/Database/Console/Migrations/MigrateCommand.php(165): Illuminate/Database/Migrations/Migrator->repositoryExists()
#18 C:/Users/agusp/Desktop/Clase/TFG/F1Fantasy/backend/vendor/laravel/framework/src/Illuminate/Support/helpers.php(338): Illuminate/Database/Console/Migrations/MigrateCommand->{closure:Illuminate/Database/Console/Migrations/MigrateCommand::repositoryExists():165}(1)
#19 C:/Users/agusp/Desktop/Clase/TFG/F1Fantasy/backend/vendor/laravel/framework/src/Illuminate/Database/Console/Migrations/MigrateCommand.php(165): retry(1, Object(Closure), 0, Object(Closure))
#20 C:/Users/agusp/Desktop/Clase/TFG/F1Fantasy/backend/vendor/laravel/framework/src/Illuminate/Database/Console/Migrations/MigrateCommand.php(141): Illuminate/Database/Console/Migrations/MigrateCommand->repositoryExists()
#21 C:/Users/agusp/Desktop/Clase/TFG/F1Fantasy/backend/vendor/laravel/framework/src/Illuminate/Database/Console/Migrations/MigrateCommand.php(111): Illuminate/Database/Console/Migrations/MigrateCommand->prepareDatabase()
#22 C:/Users/agusp/Desktop/Clase/TFG/F1Fantasy/backend/vendor/laravel/framework/src/Illuminate/Database/Migrations/Migrator.php(658): Illuminate/Database/Console/Migrations/MigrateCommand->{closure:Illuminate/Database/Console/Migrations/MigrateCommand::runMigrations():110}()
#23 C:/Users/agusp/Desktop/Clase/TFG/F1Fantasy/backend/vendor/laravel/framework/src/Illuminate/Database/Console/Migrations/MigrateCommand.php(110): Illuminate/Database/Migrations/Migrator->usingConnection(NULL, Object(Closure))
#24 C:/Users/agusp/Desktop/Clase/TFG/F1Fantasy/backend/vendor/laravel/framework/src/Illuminate/Database/Console/Migrations/MigrateCommand.php(89): Illuminate/Database/Console/Migrations/MigrateCommand->runMigrations()
#25 C:/Users/agusp/Desktop/Clase/TFG/F1Fantasy/backend/vendor/laravel/framework/src/Illuminate/Container/BoundMethod.php(36): Illuminate/Database/Console/Migrations/MigrateCommand->handle()
#26 C:/Users/agusp/Desktop/Clase/TFG/F1Fantasy/backend/vendor/laravel/framework/src/Illuminate/Container/Util.php(43): Illuminate/Container/BoundMethod::{closure:Illuminate/Container/BoundMethod::call():35}()
#27 C:/Users/agusp/Desktop/Clase/TFG/F1Fantasy/backend/vendor/laravel/framework/src/Illuminate/Container/BoundMethod.php(95): Illuminate/Container/Util::unwrapIfClosure(Object(Closure))
#28 C:/Users/agusp/Desktop/Clase/TFG/F1Fantasy/backend/vendor/laravel/framework/src/Illuminate/Container/BoundMethod.php(35): Illuminate/Container/BoundMethod::callBoundMethod(Object(Illuminate/Foundation/Application), Array, Object(Closure))
#29 C:/Users/agusp/Desktop/Clase/TFG/F1Fantasy/backend/vendor/laravel/framework/src/Illuminate/Container/Container.php(696): Illuminate/Container/BoundMethod::call(Object(Illuminate/Foundation/Application), Array, Array, NULL)
#30 C:/Users/agusp/Desktop/Clase/TFG/F1Fantasy/backend/vendor/laravel/framework/src/Illuminate/Console/Command.php(213): Illuminate/Container/Container->call(Array)
#31 C:/Users/agusp/Desktop/Clase/TFG/F1Fantasy/backend/vendor/symfony/console/Command/Command.php(341): Illuminate/Console/Command->execute(Object(Symfony/Component/Console/Input/ArgvInput), Object(Illuminate/Console/OutputStyle))
#32 C:/Users/agusp/Desktop/Clase/TFG/F1Fantasy/backend/vendor/laravel/framework/src/Illuminate/Console/Command.php(182): Symfony/Component/Console/Command/Command->run(Object(Symfony/Component/Console/Input/ArgvInput), Object(Illuminate/Console/OutputStyle))
#33 C:/Users/agusp/Desktop/Clase/TFG/F1Fantasy/backend/vendor/symfony/console/Application.php(1117): Illuminate/Console/Command->run(Object(Symfony/Component/Console/Input/ArgvInput), Object(Symfony/Component/Console/Output/ConsoleOutput))
#34 C:/Users/agusp/Desktop/Clase/TFG/F1Fantasy/backend/vendor/symfony/console/Application.php(356): Symfony/Component/Console/Application->doRunCommand(Object(Illuminate/Database/Console/Migrations/MigrateCommand), Object(Symfony/Component/Console/Input/ArgvInput), Object(Symfony/Component/Console/Output/ConsoleOutput))
#35 C:/Users/agusp/Desktop/Clase/TFG/F1Fantasy/backend/vendor/symfony/console/Application.php(195): Symfony/Component/Console/Application->doRun(Object(Symfony/Component/Console/Input/ArgvInput), Object(Symfony/Component/Console/Output/ConsoleOutput))
#36 C:/Users/agusp/Desktop/Clase/TFG/F1Fantasy/backend/vendor/laravel/framework/src/Illuminate/Foundation/Console/Kernel.php(198): Symfony/Component/Console/Application->run(Object(Symfony/Component/Console/Input/ArgvInput), Object(Symfony/Component/Console/Output/ConsoleOutput))
#37 C:/Users/agusp/Desktop/Clase/TFG/F1Fantasy/backend/vendor/laravel/framework/src/Illuminate/Foundation/Application.php(1235): Illuminate/Foundation/Console/Kernel->handle(Object(Symfony/Component/Console/Input/ArgvInput), Object(Symfony/Component/Console/Output/ConsoleOutput))
#38 C:/Users/agusp/Desktop/Clase/TFG/F1Fantasy/backend/artisan(13): Illuminate/Foundation/Application->handleCommand(Object(Symfony/Component/Console/Input/ArgvInput))
#39 {main}
"} 
[2026-04-23 20:27:39] local.ERROR: Class "App\Http\Controllers\Controller" not found {"exception":"[object] (Error(code: 0): Class \"App\\Http\\Controllers\\Controller\" not found at C:/Users/agusp/Desktop/Clase/TFG/F1Fantasy/backend/app/Http/Controllers/Api/AuthController.php:13)
[stacktrace]
#0 C:/Users/agusp/Desktop/Clase/TFG/F1Fantasy/backend/vendor/composer/ClassLoader.php(576): include()
#1 C:/Users/agusp/Desktop/Clase/TFG/F1Fantasy/backend/vendor/composer/ClassLoader.php(427): {closure:Composer/Autoload/ClassLoader::initializeIncludeClosure():575}('C://Users//agusp//...')
#2 [internal function]: Composer/Autoload/ClassLoader->loadClass('App//Http//Contro...')
#3 C:/Users/agusp/Desktop/Clase/TFG/F1Fantasy/backend/vendor/laravel/framework/src/Illuminate/Routing/Route.php(1117): is_a('App//Http//Contro...', 'Illuminate//Rout...', true)
#4 C:/Users/agusp/Desktop/Clase/TFG/F1Fantasy/backend/vendor/laravel/framework/src/Illuminate/Routing/Route.php(1054): Illuminate/Routing/Route->controllerMiddleware()
#5 C:/Users/agusp/Desktop/Clase/TFG/F1Fantasy/backend/vendor/laravel/framework/src/Illuminate/Routing/Router.php(820): Illuminate/Routing/Route->gatherMiddleware()
#6 C:/Users/agusp/Desktop/Clase/TFG/F1Fantasy/backend/vendor/laravel/framework/src/Illuminate/Routing/Router.php(802): Illuminate/Routing/Router->gatherRouteMiddleware(Object(Illuminate/Routing/Route))
#7 C:/Users/agusp/Desktop/Clase/TFG/F1Fantasy/backend/vendor/laravel/framework/src/Illuminate/Routing/Router.php(786): Illuminate/Routing/Router->runRouteWithinStack(Object(Illuminate/Routing/Route), Object(Illuminate/Http/Request))
#8 C:/Users/agusp/Desktop/Clase/TFG/F1Fantasy/backend/vendor/laravel/framework/src/Illuminate/Routing/Router.php(750): Illuminate/Routing/Router->runRoute(Object(Illuminate/Http/Request), Object(Illuminate/Routing/Route))
#9 C:/Users/agusp/Desktop/Clase/TFG/F1Fantasy/backend/vendor/laravel/framework/src/Illuminate/Routing/Router.php(739): Illuminate/Routing/Router->dispatchToRoute(Object(Illuminate/Http/Request))
#10 C:/Users/agusp/Desktop/Clase/TFG/F1Fantasy/backend/vendor/laravel/framework/src/Illuminate/Foundation/Http/Kernel.php(201): Illuminate/Routing/Router->dispatch(Object(Illuminate/Http/Request))
#11 C:/Users/agusp/Desktop/Clase/TFG/F1Fantasy/backend/vendor/laravel/framework/src/Illuminate/Pipeline/Pipeline.php(170): Illuminate/Foundation/Http/Kernel->{closure:Illuminate/Foundation/Http/Kernel::dispatchToRouter():198}(Object(Illuminate/Http/Request))
#12 C:/Users/agusp/Desktop/Clase/TFG/F1Fantasy/backend/vendor/laravel/framework/src/Illuminate/Foundation/Http/Middleware/TransformsRequest.php(21): Illuminate/Pipeline/Pipeline->{closure:Illuminate/Pipeline/Pipeline::prepareDestination():168}(Object(Illuminate/Http/Request))
#13 C:/Users/agusp/Desktop/Clase/TFG/F1Fantasy/backend/vendor/laravel/framework/src/Illuminate/Foundation/Http/Middleware/ConvertEmptyStringsToNull.php(31): Illuminate/Foundation/Http/Middleware/TransformsRequest->handle(Object(Illuminate/Http/Request), Object(Closure))
#14 C:/Users/agusp/Desktop/Clase/TFG/F1Fantasy/backend/vendor/laravel/framework/src/Illuminate/Pipeline/Pipeline.php(209): Illuminate/Foundation/Http/Middleware/ConvertEmptyStringsToNull->handle(Object(Illuminate/Http/Request), Object(Closure))
#15 C:/Users/agusp/Desktop/Clase/TFG/F1Fantasy/backend/vendor/laravel/framework/src/Illuminate/Foundation/Http/Middleware/TransformsRequest.php(21): Illuminate/Pipeline/Pipeline->{closure:{closure:Illuminate/Pipeline/Pipeline::carry():184}:185}(Object(Illuminate/Http/Request))
#16 C:/Users/agusp/Desktop/Clase/TFG/F1Fantasy/backend/vendor/laravel/framework/src/Illuminate/Foundation/Http/Middleware/TrimStrings.php(51): Illuminate/Foundation/Http/Middleware/TransformsRequest->handle(Object(Illuminate/Http/Request), Object(Closure))
#17 C:/Users/agusp/Desktop/Clase/TFG/F1Fantasy/backend/vendor/laravel/framework/src/Illuminate/Pipeline/Pipeline.php(209): Illuminate/Foundation/Http/Middleware/TrimStrings->handle(Object(Illuminate/Http/Request), Object(Closure))
#18 C:/Users/agusp/Desktop/Clase/TFG/F1Fantasy/backend/vendor/laravel/framework/src/Illuminate/Http/Middleware/ValidatePostSize.php(27): Illuminate/Pipeline/Pipeline->{closure:{closure:Illuminate/Pipeline/Pipeline::carry():184}:185}(Object(Illuminate/Http/Request))
#19 C:/Users/agusp/Desktop/Clase/TFG/F1Fantasy/backend/vendor/laravel/framework/src/Illuminate/Pipeline/Pipeline.php(209): Illuminate/Http/Middleware/ValidatePostSize->handle(Object(Illuminate/Http/Request), Object(Closure))
#20 C:/Users/agusp/Desktop/Clase/TFG/F1Fantasy/backend/vendor/laravel/framework/src/Illuminate/Foundation/Http/Middleware/PreventRequestsDuringMaintenance.php(110): Illuminate/Pipeline/Pipeline->{closure:{closure:Illuminate/Pipeline/Pipeline::carry():184}:185}(Object(Illuminate/Http/Request))
#21 C:/Users/agusp/Desktop/Clase/TFG/F1Fantasy/backend/vendor/laravel/framework/src/Illuminate/Pipeline/Pipeline.php(209): Illuminate/Foundation/Http/Middleware/PreventRequestsDuringMaintenance->handle(Object(Illuminate/Http/Request), Object(Closure))
#22 C:/Users/agusp/Desktop/Clase/TFG/F1Fantasy/backend/vendor/laravel/framework/src/Illuminate/Http/Middleware/HandleCors.php(62): Illuminate/Pipeline/Pipeline->{closure:{closure:Illuminate/Pipeline/Pipeline::carry():184}:185}(Object(Illuminate/Http/Request))
#23 C:/Users/agusp/Desktop/Clase/TFG/F1Fantasy/backend/vendor/laravel/framework/src/Illuminate/Pipeline/Pipeline.php(209): Illuminate/Http/Middleware/HandleCors->handle(Object(Illuminate/Http/Request), Object(Closure))
#24 C:/Users/agusp/Desktop/Clase/TFG/F1Fantasy/backend/vendor/laravel/framework/src/Illuminate/Http/Middleware/TrustProxies.php(58): Illuminate/Pipeline/Pipeline->{closure:{closure:Illuminate/Pipeline/Pipeline::carry():184}:185}(Object(Illuminate/Http/Request))
#25 C:/Users/agusp/Desktop/Clase/TFG/F1Fantasy/backend/vendor/laravel/framework/src/Illuminate/Pipeline/Pipeline.php(209): Illuminate/Http/Middleware/TrustProxies->handle(Object(Illuminate/Http/Request), Object(Closure))
#26 C:/Users/agusp/Desktop/Clase/TFG/F1Fantasy/backend/vendor/laravel/framework/src/Illuminate/Foundation/Http/Middleware/InvokeDeferredCallbacks.php(22): Illuminate/Pipeline/Pipeline->{closure:{closure:Illuminate/Pipeline/Pipeline::carry():184}:185}(Object(Illuminate/Http/Request))
#27 C:/Users/agusp/Desktop/Clase/TFG/F1Fantasy/backend/vendor/laravel/framework/src/Illuminate/Pipeline/Pipeline.php(209): Illuminate/Foundation/Http/Middleware/InvokeDeferredCallbacks->handle(Object(Illuminate/Http/Request), Object(Closure))
#28 C:/Users/agusp/Desktop/Clase/TFG/F1Fantasy/backend/vendor/laravel/framework/src/Illuminate/Pipeline/Pipeline.php(127): Illuminate/Pipeline/Pipeline->{closure:{closure:Illuminate/Pipeline/Pipeline::carry():184}:185}(Object(Illuminate/Http/Request))
#29 C:/Users/agusp/Desktop/Clase/TFG/F1Fantasy/backend/vendor/laravel/framework/src/Illuminate/Foundation/Http/Kernel.php(176): Illuminate/Pipeline/Pipeline->then(Object(Closure))
#30 C:/Users/agusp/Desktop/Clase/TFG/F1Fantasy/backend/vendor/laravel/framework/src/Illuminate/Foundation/Http/Kernel.php(145): Illuminate/Foundation/Http/Kernel->sendRequestThroughRouter(Object(Illuminate/Http/Request))
#31 C:/Users/agusp/Desktop/Clase/TFG/F1Fantasy/backend/vendor/laravel/framework/src/Illuminate/Foundation/Application.php(1220): Illuminate/Foundation/Http/Kernel->handle(Object(Illuminate/Http/Request))
#32 C:/Users/agusp/Desktop/Clase/TFG/F1Fantasy/backend/public/index.php(17): Illuminate/Foundation/Application->handleRequest(Object(Illuminate/Http/Request))
#33 C:/Users/agusp/Desktop/Clase/TFG/F1Fantasy/backend/vendor/laravel/framework/src/Illuminate/Foundation/resources/server.php(23): require_once('C://Users//agusp//...')
#34 {main}
"} 
[2026-04-23 20:27:41] local.ERROR: Class "App\Http\Controllers\Controller" not found {"exception":"[object] (Error(code: 0): Class \"App\\Http\\Controllers\\Controller\" not found at C:/Users/agusp/Desktop/Clase/TFG/F1Fantasy/backend/app/Http/Controllers/Api/AuthController.php:13)
[stacktrace]
#0 C:/Users/agusp/Desktop/Clase/TFG/F1Fantasy/backend/vendor/composer/ClassLoader.php(576): include()
#1 C:/Users/agusp/Desktop/Clase/TFG/F1Fantasy/backend/vendor/composer/ClassLoader.php(427): {closure:Composer/Autoload/ClassLoader::initializeIncludeClosure():575}('C://Users//agusp//...')
#2 [internal function]: Composer/Autoload/ClassLoader->loadClass('App//Http//Contro...')
#3 C:/Users/agusp/Desktop/Clase/TFG/F1Fantasy/backend/vendor/laravel/framework/src/Illuminate/Routing/Route.php(1117): is_a('App//Http//Contro...', 'Illuminate//Rout...', true)
#4 C:/Users/agusp/Desktop/Clase/TFG/F1Fantasy/backend/vendor/laravel/framework/src/Illuminate/Routing/Route.php(1054): Illuminate/Routing/Route->controllerMiddleware()
#5 C:/Users/agusp/Desktop/Clase/TFG/F1Fantasy/backend/vendor/laravel/framework/src/Illuminate/Routing/Router.php(820): Illuminate/Routing/Route->gatherMiddleware()
#6 C:/Users/agusp/Desktop/Clase/TFG/F1Fantasy/backend/vendor/laravel/framework/src/Illuminate/Routing/Router.php(802): Illuminate/Routing/Router->gatherRouteMiddleware(Object(Illuminate/Routing/Route))
#7 C:/Users/agusp/Desktop/Clase/TFG/F1Fantasy/backend/vendor/laravel/framework/src/Illuminate/Routing/Router.php(786): Illuminate/Routing/Router->runRouteWithinStack(Object(Illuminate/Routing/Route), Object(Illuminate/Http/Request))
#8 C:/Users/agusp/Desktop/Clase/TFG/F1Fantasy/backend/vendor/laravel/framework/src/Illuminate/Routing/Router.php(750): Illuminate/Routing/Router->runRoute(Object(Illuminate/Http/Request), Object(Illuminate/Routing/Route))
#9 C:/Users/agusp/Desktop/Clase/TFG/F1Fantasy/backend/vendor/laravel/framework/src/Illuminate/Routing/Router.php(739): Illuminate/Routing/Router->dispatchToRoute(Object(Illuminate/Http/Request))
#10 C:/Users/agusp/Desktop/Clase/TFG/F1Fantasy/backend/vendor/laravel/framework/src/Illuminate/Foundation/Http/Kernel.php(201): Illuminate/Routing/Router->dispatch(Object(Illuminate/Http/Request))
#11 C:/Users/agusp/Desktop/Clase/TFG/F1Fantasy/backend/vendor/laravel/framework/src/Illuminate/Pipeline/Pipeline.php(170): Illuminate/Foundation/Http/Kernel->{closure:Illuminate/Foundation/Http/Kernel::dispatchToRouter():198}(Object(Illuminate/Http/Request))
#12 C:/Users/agusp/Desktop/Clase/TFG/F1Fantasy/backend/vendor/laravel/framework/src/Illuminate/Foundation/Http/Middleware/TransformsRequest.php(21): Illuminate/Pipeline/Pipeline->{closure:Illuminate/Pipeline/Pipeline::prepareDestination():168}(Object(Illuminate/Http/Request))
#13 C:/Users/agusp/Desktop/Clase/TFG/F1Fantasy/backend/vendor/laravel/framework/src/Illuminate/Foundation/Http/Middleware/ConvertEmptyStringsToNull.php(31): Illuminate/Foundation/Http/Middleware/TransformsRequest->handle(Object(Illuminate/Http/Request), Object(Closure))
#14 C:/Users/agusp/Desktop/Clase/TFG/F1Fantasy/backend/vendor/laravel/framework/src/Illuminate/Pipeline/Pipeline.php(209): Illuminate/Foundation/Http/Middleware/ConvertEmptyStringsToNull->handle(Object(Illuminate/Http/Request), Object(Closure))
#15 C:/Users/agusp/Desktop/Clase/TFG/F1Fantasy/backend/vendor/laravel/framework/src/Illuminate/Foundation/Http/Middleware/TransformsRequest.php(21): Illuminate/Pipeline/Pipeline->{closure:{closure:Illuminate/Pipeline/Pipeline::carry():184}:185}(Object(Illuminate/Http/Request))
#16 C:/Users/agusp/Desktop/Clase/TFG/F1Fantasy/backend/vendor/laravel/framework/src/Illuminate/Foundation/Http/Middleware/TrimStrings.php(51): Illuminate/Foundation/Http/Middleware/TransformsRequest->handle(Object(Illuminate/Http/Request), Object(Closure))
#17 C:/Users/agusp/Desktop/Clase/TFG/F1Fantasy/backend/vendor/laravel/framework/src/Illuminate/Pipeline/Pipeline.php(209): Illuminate/Foundation/Http/Middleware/TrimStrings->handle(Object(Illuminate/Http/Request), Object(Closure))
#18 C:/Users/agusp/Desktop/Clase/TFG/F1Fantasy/backend/vendor/laravel/framework/src/Illuminate/Http/Middleware/ValidatePostSize.php(27): Illuminate/Pipeline/Pipeline->{closure:{closure:Illuminate/Pipeline/Pipeline::carry():184}:185}(Object(Illuminate/Http/Request))
#19 C:/Users/agusp/Desktop/Clase/TFG/F1Fantasy/backend/vendor/laravel/framework/src/Illuminate/Pipeline/Pipeline.php(209): Illuminate/Http/Middleware/ValidatePostSize->handle(Object(Illuminate/Http/Request), Object(Closure))
#20 C:/Users/agusp/Desktop/Clase/TFG/F1Fantasy/backend/vendor/laravel/framework/src/Illuminate/Foundation/Http/Middleware/PreventRequestsDuringMaintenance.php(110): Illuminate/Pipeline/Pipeline->{closure:{closure:Illuminate/Pipeline/Pipeline::carry():184}:185}(Object(Illuminate/Http/Request))
#21 C:/Users/agusp/Desktop/Clase/TFG/F1Fantasy/backend/vendor/laravel/framework/src/Illuminate/Pipeline/Pipeline.php(209): Illuminate/Foundation/Http/Middleware/PreventRequestsDuringMaintenance->handle(Object(Illuminate/Http/Request), Object(Closure))
#22 C:/Users/agusp/Desktop/Clase/TFG/F1Fantasy/backend/vendor/laravel/framework/src/Illuminate/Http/Middleware/HandleCors.php(62): Illuminate/Pipeline/Pipeline->{closure:{closure:Illuminate/Pipeline/Pipeline::carry():184}:185}(Object(Illuminate/Http/Request))
#23 C:/Users/agusp/Desktop/Clase/TFG/F1Fantasy/backend/vendor/laravel/framework/src/Illuminate/Pipeline/Pipeline.php(209): Illuminate/Http/Middleware/HandleCors->handle(Object(Illuminate/Http/Request), Object(Closure))
#24 C:/Users/agusp/Desktop/Clase/TFG/F1Fantasy/backend/vendor/laravel/framework/src/Illuminate/Http/Middleware/TrustProxies.php(58): Illuminate/Pipeline/Pipeline->{closure:{closure:Illuminate/Pipeline/Pipeline::carry():184}:185}(Object(Illuminate/Http/Request))
#25 C:/Users/agusp/Desktop/Clase/TFG/F1Fantasy/backend/vendor/laravel/framework/src/Illuminate/Pipeline/Pipeline.php(209): Illuminate/Http/Middleware/TrustProxies->handle(Object(Illuminate/Http/Request), Object(Closure))
#26 C:/Users/agusp/Desktop/Clase/TFG/F1Fantasy/backend/vendor/laravel/framework/src/Illuminate/Foundation/Http/Middleware/InvokeDeferredCallbacks.php(22): Illuminate/Pipeline/Pipeline->{closure:{closure:Illuminate/Pipeline/Pipeline::carry():184}:185}(Object(Illuminate/Http/Request))
#27 C:/Users/agusp/Desktop/Clase/TFG/F1Fantasy/backend/vendor/laravel/framework/src/Illuminate/Pipeline/Pipeline.php(209): Illuminate/Foundation/Http/Middleware/InvokeDeferredCallbacks->handle(Object(Illuminate/Http/Request), Object(Closure))
#28 C:/Users/agusp/Desktop/Clase/TFG/F1Fantasy/backend/vendor/laravel/framework/src/Illuminate/Pipeline/Pipeline.php(127): Illuminate/Pipeline/Pipeline->{closure:{closure:Illuminate/Pipeline/Pipeline::carry():184}:185}(Object(Illuminate/Http/Request))
#29 C:/Users/agusp/Desktop/Clase/TFG/F1Fantasy/backend/vendor/laravel/framework/src/Illuminate/Foundation/Http/Kernel.php(176): Illuminate/Pipeline/Pipeline->then(Object(Closure))
#30 C:/Users/agusp/Desktop/Clase/TFG/F1Fantasy/backend/vendor/laravel/framework/src/Illuminate/Foundation/Http/Kernel.php(145): Illuminate/Foundation/Http/Kernel->sendRequestThroughRouter(Object(Illuminate/Http/Request))
#31 C:/Users/agusp/Desktop/Clase/TFG/F1Fantasy/backend/vendor/laravel/framework/src/Illuminate/Foundation/Application.php(1220): Illuminate/Foundation/Http/Kernel->handle(Object(Illuminate/Http/Request))
#32 C:/Users/agusp/Desktop/Clase/TFG/F1Fantasy/backend/public/index.php(17): Illuminate/Foundation/Application->handleRequest(Object(Illuminate/Http/Request))
#33 C:/Users/agusp/Desktop/Clase/TFG/F1Fantasy/backend/vendor/laravel/framework/src/Illuminate/Foundation/resources/server.php(23): require_once('C://Users//agusp//...')
#34 {main}
"} 
[2026-04-23 20:27:58] local.ERROR: Class "App\Http\Controllers\Controller" not found {"exception":"[object] (Error(code: 0): Class \"App\\Http\\Controllers\\Controller\" not found at C:/Users/agusp/Desktop/Clase/TFG/F1Fantasy/backend/app/Http/Controllers/Api/AuthController.php:13)
[stacktrace]
#0 C:/Users/agusp/Desktop/Clase/TFG/F1Fantasy/backend/vendor/composer/ClassLoader.php(576): include()
#1 C:/Users/agusp/Desktop/Clase/TFG/F1Fantasy/backend/vendor/composer/ClassLoader.php(427): {closure:Composer/Autoload/ClassLoader::initializeIncludeClosure():575}('C://Users//agusp//...')
#2 [internal function]: Composer/Autoload/ClassLoader->loadClass('App//Http//Contro...')
#3 C:/Users/agusp/Desktop/Clase/TFG/F1Fantasy/backend/vendor/laravel/framework/src/Illuminate/Routing/Route.php(1117): is_a('App//Http//Contro...', 'Illuminate//Rout...', true)
#4 C:/Users/agusp/Desktop/Clase/TFG/F1Fantasy/backend/vendor/laravel/framework/src/Illuminate/Routing/Route.php(1054): Illuminate/Routing/Route->controllerMiddleware()
#5 C:/Users/agusp/Desktop/Clase/TFG/F1Fantasy/backend/vendor/laravel/framework/src/Illuminate/Routing/Router.php(820): Illuminate/Routing/Route->gatherMiddleware()
#6 C:/Users/agusp/Desktop/Clase/TFG/F1Fantasy/backend/vendor/laravel/framework/src/Illuminate/Routing/Router.php(802): Illuminate/Routing/Router->gatherRouteMiddleware(Object(Illuminate/Routing/Route))
#7 C:/Users/agusp/Desktop/Clase/TFG/F1Fantasy/backend/vendor/laravel/framework/src/Illuminate/Routing/Router.php(786): Illuminate/Routing/Router->runRouteWithinStack(Object(Illuminate/Routing/Route), Object(Illuminate/Http/Request))
#8 C:/Users/agusp/Desktop/Clase/TFG/F1Fantasy/backend/vendor/laravel/framework/src/Illuminate/Routing/Router.php(750): Illuminate/Routing/Router->runRoute(Object(Illuminate/Http/Request), Object(Illuminate/Routing/Route))
#9 C:/Users/agusp/Desktop/Clase/TFG/F1Fantasy/backend/vendor/laravel/framework/src/Illuminate/Routing/Router.php(739): Illuminate/Routing/Router->dispatchToRoute(Object(Illuminate/Http/Request))
#10 C:/Users/agusp/Desktop/Clase/TFG/F1Fantasy/backend/vendor/laravel/framework/src/Illuminate/Foundation/Http/Kernel.php(201): Illuminate/Routing/Router->dispatch(Object(Illuminate/Http/Request))
#11 C:/Users/agusp/Desktop/Clase/TFG/F1Fantasy/backend/vendor/laravel/framework/src/Illuminate/Pipeline/Pipeline.php(170): Illuminate/Foundation/Http/Kernel->{closure:Illuminate/Foundation/Http/Kernel::dispatchToRouter():198}(Object(Illuminate/Http/Request))
#12 C:/Users/agusp/Desktop/Clase/TFG/F1Fantasy/backend/vendor/laravel/framework/src/Illuminate/Foundation/Http/Middleware/TransformsRequest.php(21): Illuminate/Pipeline/Pipeline->{closure:Illuminate/Pipeline/Pipeline::prepareDestination():168}(Object(Illuminate/Http/Request))
#13 C:/Users/agusp/Desktop/Clase/TFG/F1Fantasy/backend/vendor/laravel/framework/src/Illuminate/Foundation/Http/Middleware/ConvertEmptyStringsToNull.php(31): Illuminate/Foundation/Http/Middleware/TransformsRequest->handle(Object(Illuminate/Http/Request), Object(Closure))
#14 C:/Users/agusp/Desktop/Clase/TFG/F1Fantasy/backend/vendor/laravel/framework/src/Illuminate/Pipeline/Pipeline.php(209): Illuminate/Foundation/Http/Middleware/ConvertEmptyStringsToNull->handle(Object(Illuminate/Http/Request), Object(Closure))
#15 C:/Users/agusp/Desktop/Clase/TFG/F1Fantasy/backend/vendor/laravel/framework/src/Illuminate/Foundation/Http/Middleware/TransformsRequest.php(21): Illuminate/Pipeline/Pipeline->{closure:{closure:Illuminate/Pipeline/Pipeline::carry():184}:185}(Object(Illuminate/Http/Request))
#16 C:/Users/agusp/Desktop/Clase/TFG/F1Fantasy/backend/vendor/laravel/framework/src/Illuminate/Foundation/Http/Middleware/TrimStrings.php(51): Illuminate/Foundation/Http/Middleware/TransformsRequest->handle(Object(Illuminate/Http/Request), Object(Closure))
#17 C:/Users/agusp/Desktop/Clase/TFG/F1Fantasy/backend/vendor/laravel/framework/src/Illuminate/Pipeline/Pipeline.php(209): Illuminate/Foundation/Http/Middleware/TrimStrings->handle(Object(Illuminate/Http/Request), Object(Closure))
#18 C:/Users/agusp/Desktop/Clase/TFG/F1Fantasy/backend/vendor/laravel/framework/src/Illuminate/Http/Middleware/ValidatePostSize.php(27): Illuminate/Pipeline/Pipeline->{closure:{closure:Illuminate/Pipeline/Pipeline::carry():184}:185}(Object(Illuminate/Http/Request))
#19 C:/Users/agusp/Desktop/Clase/TFG/F1Fantasy/backend/vendor/laravel/framework/src/Illuminate/Pipeline/Pipeline.php(209): Illuminate/Http/Middleware/ValidatePostSize->handle(Object(Illuminate/Http/Request), Object(Closure))
#20 C:/Users/agusp/Desktop/Clase/TFG/F1Fantasy/backend/vendor/laravel/framework/src/Illuminate/Foundation/Http/Middleware/PreventRequestsDuringMaintenance.php(110): Illuminate/Pipeline/Pipeline->{closure:{closure:Illuminate/Pipeline/Pipeline::carry():184}:185}(Object(Illuminate/Http/Request))
#21 C:/Users/agusp/Desktop/Clase/TFG/F1Fantasy/backend/vendor/laravel/framework/src/Illuminate/Pipeline/Pipeline.php(209): Illuminate/Foundation/Http/Middleware/PreventRequestsDuringMaintenance->handle(Object(Illuminate/Http/Request), Object(Closure))
#22 C:/Users/agusp/Desktop/Clase/TFG/F1Fantasy/backend/vendor/laravel/framework/src/Illuminate/Http/Middleware/HandleCors.php(62): Illuminate/Pipeline/Pipeline->{closure:{closure:Illuminate/Pipeline/Pipeline::carry():184}:185}(Object(Illuminate/Http/Request))
#23 C:/Users/agusp/Desktop/Clase/TFG/F1Fantasy/backend/vendor/laravel/framework/src/Illuminate/Pipeline/Pipeline.php(209): Illuminate/Http/Middleware/HandleCors->handle(Object(Illuminate/Http/Request), Object(Closure))
#24 C:/Users/agusp/Desktop/Clase/TFG/F1Fantasy/backend/vendor/laravel/framework/src/Illuminate/Http/Middleware/TrustProxies.php(58): Illuminate/Pipeline/Pipeline->{closure:{closure:Illuminate/Pipeline/Pipeline::carry():184}:185}(Object(Illuminate/Http/Request))
#25 C:/Users/agusp/Desktop/Clase/TFG/F1Fantasy/backend/vendor/laravel/framework/src/Illuminate/Pipeline/Pipeline.php(209): Illuminate/Http/Middleware/TrustProxies->handle(Object(Illuminate/Http/Request), Object(Closure))
#26 C:/Users/agusp/Desktop/Clase/TFG/F1Fantasy/backend/vendor/laravel/framework/src/Illuminate/Foundation/Http/Middleware/InvokeDeferredCallbacks.php(22): Illuminate/Pipeline/Pipeline->{closure:{closure:Illuminate/Pipeline/Pipeline::carry():184}:185}(Object(Illuminate/Http/Request))
#27 C:/Users/agusp/Desktop/Clase/TFG/F1Fantasy/backend/vendor/laravel/framework/src/Illuminate/Pipeline/Pipeline.php(209): Illuminate/Foundation/Http/Middleware/InvokeDeferredCallbacks->handle(Object(Illuminate/Http/Request), Object(Closure))
#28 C:/Users/agusp/Desktop/Clase/TFG/F1Fantasy/backend/vendor/laravel/framework/src/Illuminate/Pipeline/Pipeline.php(127): Illuminate/Pipeline/Pipeline->{closure:{closure:Illuminate/Pipeline/Pipeline::carry():184}:185}(Object(Illuminate/Http/Request))
#29 C:/Users/agusp/Desktop/Clase/TFG/F1Fantasy/backend/vendor/laravel/framework/src/Illuminate/Foundation/Http/Kernel.php(176): Illuminate/Pipeline/Pipeline->then(Object(Closure))
#30 C:/Users/agusp/Desktop/Clase/TFG/F1Fantasy/backend/vendor/laravel/framework/src/Illuminate/Foundation/Http/Kernel.php(145): Illuminate/Foundation/Http/Kernel->sendRequestThroughRouter(Object(Illuminate/Http/Request))
#31 C:/Users/agusp/Desktop/Clase/TFG/F1Fantasy/backend/vendor/laravel/framework/src/Illuminate/Foundation/Application.php(1220): Illuminate/Foundation/Http/Kernel->handle(Object(Illuminate/Http/Request))
#32 C:/Users/agusp/Desktop/Clase/TFG/F1Fantasy/backend/public/index.php(17): Illuminate/Foundation/Application->handleRequest(Object(Illuminate/Http/Request))
#33 C:/Users/agusp/Desktop/Clase/TFG/F1Fantasy/backend/vendor/laravel/framework/src/Illuminate/Foundation/resources/server.php(23): require_once('C://Users//agusp//...')
#34 {main}
"} 
[2026-04-23 20:28:27] local.ERROR: Class "App\Http\Controllers\Controller" not found {"exception":"[object] (Error(code: 0): Class \"App\\Http\\Controllers\\Controller\" not found at C:/Users/agusp/Desktop/Clase/TFG/F1Fantasy/backend/app/Http/Controllers/Api/AuthController.php:13)
[stacktrace]
#0 C:/Users/agusp/Desktop/Clase/TFG/F1Fantasy/backend/vendor/composer/ClassLoader.php(576): include()
#1 C:/Users/agusp/Desktop/Clase/TFG/F1Fantasy/backend/vendor/composer/ClassLoader.php(427): {closure:Composer/Autoload/ClassLoader::initializeIncludeClosure():575}('C://Users//agusp//...')
#2 [internal function]: Composer/Autoload/ClassLoader->loadClass('App//Http//Contro...')
#3 C:/Users/agusp/Desktop/Clase/TFG/F1Fantasy/backend/vendor/laravel/framework/src/Illuminate/Routing/Route.php(1117): is_a('App//Http//Contro...', 'Illuminate//Rout...', true)
#4 C:/Users/agusp/Desktop/Clase/TFG/F1Fantasy/backend/vendor/laravel/framework/src/Illuminate/Routing/Route.php(1054): Illuminate/Routing/Route->controllerMiddleware()
#5 C:/Users/agusp/Desktop/Clase/TFG/F1Fantasy/backend/vendor/laravel/framework/src/Illuminate/Routing/Router.php(820): Illuminate/Routing/Route->gatherMiddleware()
#6 C:/Users/agusp/Desktop/Clase/TFG/F1Fantasy/backend/vendor/laravel/framework/src/Illuminate/Routing/Router.php(802): Illuminate/Routing/Router->gatherRouteMiddleware(Object(Illuminate/Routing/Route))
#7 C:/Users/agusp/Desktop/Clase/TFG/F1Fantasy/backend/vendor/laravel/framework/src/Illuminate/Routing/Router.php(786): Illuminate/Routing/Router->runRouteWithinStack(Object(Illuminate/Routing/Route), Object(Illuminate/Http/Request))
#8 C:/Users/agusp/Desktop/Clase/TFG/F1Fantasy/backend/vendor/laravel/framework/src/Illuminate/Routing/Router.php(750): Illuminate/Routing/Router->runRoute(Object(Illuminate/Http/Request), Object(Illuminate/Routing/Route))
#9 C:/Users/agusp/Desktop/Clase/TFG/F1Fantasy/backend/vendor/laravel/framework/src/Illuminate/Routing/Router.php(739): Illuminate/Routing/Router->dispatchToRoute(Object(Illuminate/Http/Request))
#10 C:/Users/agusp/Desktop/Clase/TFG/F1Fantasy/backend/vendor/laravel/framework/src/Illuminate/Foundation/Http/Kernel.php(201): Illuminate/Routing/Router->dispatch(Object(Illuminate/Http/Request))
#11 C:/Users/agusp/Desktop/Clase/TFG/F1Fantasy/backend/vendor/laravel/framework/src/Illuminate/Pipeline/Pipeline.php(170): Illuminate/Foundation/Http/Kernel->{closure:Illuminate/Foundation/Http/Kernel::dispatchToRouter():198}(Object(Illuminate/Http/Request))
#12 C:/Users/agusp/Desktop/Clase/TFG/F1Fantasy/backend/vendor/laravel/framework/src/Illuminate/Foundation/Http/Middleware/TransformsRequest.php(21): Illuminate/Pipeline/Pipeline->{closure:Illuminate/Pipeline/Pipeline::prepareDestination():168}(Object(Illuminate/Http/Request))
#13 C:/Users/agusp/Desktop/Clase/TFG/F1Fantasy/backend/vendor/laravel/framework/src/Illuminate/Foundation/Http/Middleware/ConvertEmptyStringsToNull.php(31): Illuminate/Foundation/Http/Middleware/TransformsRequest->handle(Object(Illuminate/Http/Request), Object(Closure))
#14 C:/Users/agusp/Desktop/Clase/TFG/F1Fantasy/backend/vendor/laravel/framework/src/Illuminate/Pipeline/Pipeline.php(209): Illuminate/Foundation/Http/Middleware/ConvertEmptyStringsToNull->handle(Object(Illuminate/Http/Request), Object(Closure))
#15 C:/Users/agusp/Desktop/Clase/TFG/F1Fantasy/backend/vendor/laravel/framework/src/Illuminate/Foundation/Http/Middleware/TransformsRequest.php(21): Illuminate/Pipeline/Pipeline->{closure:{closure:Illuminate/Pipeline/Pipeline::carry():184}:185}(Object(Illuminate/Http/Request))
#16 C:/Users/agusp/Desktop/Clase/TFG/F1Fantasy/backend/vendor/laravel/framework/src/Illuminate/Foundation/Http/Middleware/TrimStrings.php(51): Illuminate/Foundation/Http/Middleware/TransformsRequest->handle(Object(Illuminate/Http/Request), Object(Closure))
#17 C:/Users/agusp/Desktop/Clase/TFG/F1Fantasy/backend/vendor/laravel/framework/src/Illuminate/Pipeline/Pipeline.php(209): Illuminate/Foundation/Http/Middleware/TrimStrings->handle(Object(Illuminate/Http/Request), Object(Closure))
#18 C:/Users/agusp/Desktop/Clase/TFG/F1Fantasy/backend/vendor/laravel/framework/src/Illuminate/Http/Middleware/ValidatePostSize.php(27): Illuminate/Pipeline/Pipeline->{closure:{closure:Illuminate/Pipeline/Pipeline::carry():184}:185}(Object(Illuminate/Http/Request))
#19 C:/Users/agusp/Desktop/Clase/TFG/F1Fantasy/backend/vendor/laravel/framework/src/Illuminate/Pipeline/Pipeline.php(209): Illuminate/Http/Middleware/ValidatePostSize->handle(Object(Illuminate/Http/Request), Object(Closure))
#20 C:/Users/agusp/Desktop/Clase/TFG/F1Fantasy/backend/vendor/laravel/framework/src/Illuminate/Foundation/Http/Middleware/PreventRequestsDuringMaintenance.php(110): Illuminate/Pipeline/Pipeline->{closure:{closure:Illuminate/Pipeline/Pipeline::carry():184}:185}(Object(Illuminate/Http/Request))
#21 C:/Users/agusp/Desktop/Clase/TFG/F1Fantasy/backend/vendor/laravel/framework/src/Illuminate/Pipeline/Pipeline.php(209): Illuminate/Foundation/Http/Middleware/PreventRequestsDuringMaintenance->handle(Object(Illuminate/Http/Request), Object(Closure))
#22 C:/Users/agusp/Desktop/Clase/TFG/F1Fantasy/backend/vendor/laravel/framework/src/Illuminate/Http/Middleware/HandleCors.php(62): Illuminate/Pipeline/Pipeline->{closure:{closure:Illuminate/Pipeline/Pipeline::carry():184}:185}(Object(Illuminate/Http/Request))
#23 C:/Users/agusp/Desktop/Clase/TFG/F1Fantasy/backend/vendor/laravel/framework/src/Illuminate/Pipeline/Pipeline.php(209): Illuminate/Http/Middleware/HandleCors->handle(Object(Illuminate/Http/Request), Object(Closure))
#24 C:/Users/agusp/Desktop/Clase/TFG/F1Fantasy/backend/vendor/laravel/framework/src/Illuminate/Http/Middleware/TrustProxies.php(58): Illuminate/Pipeline/Pipeline->{closure:{closure:Illuminate/Pipeline/Pipeline::carry():184}:185}(Object(Illuminate/Http/Request))
#25 C:/Users/agusp/Desktop/Clase/TFG/F1Fantasy/backend/vendor/laravel/framework/src/Illuminate/Pipeline/Pipeline.php(209): Illuminate/Http/Middleware/TrustProxies->handle(Object(Illuminate/Http/Request), Object(Closure))
#26 C:/Users/agusp/Desktop/Clase/TFG/F1Fantasy/backend/vendor/laravel/framework/src/Illuminate/Foundation/Http/Middleware/InvokeDeferredCallbacks.php(22): Illuminate/Pipeline/Pipeline->{closure:{closure:Illuminate/Pipeline/Pipeline::carry():184}:185}(Object(Illuminate/Http/Request))
#27 C:/Users/agusp/Desktop/Clase/TFG/F1Fantasy/backend/vendor/laravel/framework/src/Illuminate/Pipeline/Pipeline.php(209): Illuminate/Foundation/Http/Middleware/InvokeDeferredCallbacks->handle(Object(Illuminate/Http/Request), Object(Closure))
#28 C:/Users/agusp/Desktop/Clase/TFG/F1Fantasy/backend/vendor/laravel/framework/src/Illuminate/Pipeline/Pipeline.php(127): Illuminate/Pipeline/Pipeline->{closure:{closure:Illuminate/Pipeline/Pipeline::carry():184}:185}(Object(Illuminate/Http/Request))
#29 C:/Users/agusp/Desktop/Clase/TFG/F1Fantasy/backend/vendor/laravel/framework/src/Illuminate/Foundation/Http/Kernel.php(176): Illuminate/Pipeline/Pipeline->then(Object(Closure))
#30 C:/Users/agusp/Desktop/Clase/TFG/F1Fantasy/backend/vendor/laravel/framework/src/Illuminate/Foundation/Http/Kernel.php(145): Illuminate/Foundation/Http/Kernel->sendRequestThroughRouter(Object(Illuminate/Http/Request))
#31 C:/Users/agusp/Desktop/Clase/TFG/F1Fantasy/backend/vendor/laravel/framework/src/Illuminate/Foundation/Application.php(1220): Illuminate/Foundation/Http/Kernel->handle(Object(Illuminate/Http/Request))
#32 C:/Users/agusp/Desktop/Clase/TFG/F1Fantasy/backend/public/index.php(17): Illuminate/Foundation/Application->handleRequest(Object(Illuminate/Http/Request))
#33 C:/Users/agusp/Desktop/Clase/TFG/F1Fantasy/backend/vendor/laravel/framework/src/Illuminate/Foundation/resources/server.php(23): require_once('C://Users//agusp//...')
#34 {main}
"} 
[2026-04-23 20:28:47] local.ERROR: Class "App\Http\Controllers\Controller" not found {"exception":"[object] (Error(code: 0): Class \"App\\Http\\Controllers\\Controller\" not found at C:/Users/agusp/Desktop/Clase/TFG/F1Fantasy/backend/app/Http/Controllers/Api/AuthController.php:13)
[stacktrace]
#0 C:/Users/agusp/Desktop/Clase/TFG/F1Fantasy/backend/vendor/composer/ClassLoader.php(576): include()
#1 C:/Users/agusp/Desktop/Clase/TFG/F1Fantasy/backend/vendor/composer/ClassLoader.php(427): {closure:Composer/Autoload/ClassLoader::initializeIncludeClosure():575}('C://Users//agusp//...')
#2 [internal function]: Composer/Autoload/ClassLoader->loadClass('App//Http//Contro...')
#3 C:/Users/agusp/Desktop/Clase/TFG/F1Fantasy/backend/vendor/laravel/framework/src/Illuminate/Routing/Route.php(1117): is_a('App//Http//Contro...', 'Illuminate//Rout...', true)
#4 C:/Users/agusp/Desktop/Clase/TFG/F1Fantasy/backend/vendor/laravel/framework/src/Illuminate/Routing/Route.php(1054): Illuminate/Routing/Route->controllerMiddleware()
#5 C:/Users/agusp/Desktop/Clase/TFG/F1Fantasy/backend/vendor/laravel/framework/src/Illuminate/Routing/Router.php(820): Illuminate/Routing/Route->gatherMiddleware()
#6 C:/Users/agusp/Desktop/Clase/TFG/F1Fantasy/backend/vendor/laravel/framework/src/Illuminate/Routing/Router.php(802): Illuminate/Routing/Router->gatherRouteMiddleware(Object(Illuminate/Routing/Route))
#7 C:/Users/agusp/Desktop/Clase/TFG/F1Fantasy/backend/vendor/laravel/framework/src/Illuminate/Routing/Router.php(786): Illuminate/Routing/Router->runRouteWithinStack(Object(Illuminate/Routing/Route), Object(Illuminate/Http/Request))
#8 C:/Users/agusp/Desktop/Clase/TFG/F1Fantasy/backend/vendor/laravel/framework/src/Illuminate/Routing/Router.php(750): Illuminate/Routing/Router->runRoute(Object(Illuminate/Http/Request), Object(Illuminate/Routing/Route))
#9 C:/Users/agusp/Desktop/Clase/TFG/F1Fantasy/backend/vendor/laravel/framework/src/Illuminate/Routing/Router.php(739): Illuminate/Routing/Router->dispatchToRoute(Object(Illuminate/Http/Request))
#10 C:/Users/agusp/Desktop/Clase/TFG/F1Fantasy/backend/vendor/laravel/framework/src/Illuminate/Foundation/Http/Kernel.php(201): Illuminate/Routing/Router->dispatch(Object(Illuminate/Http/Request))
#11 C:/Users/agusp/Desktop/Clase/TFG/F1Fantasy/backend/vendor/laravel/framework/src/Illuminate/Pipeline/Pipeline.php(170): Illuminate/Foundation/Http/Kernel->{closure:Illuminate/Foundation/Http/Kernel::dispatchToRouter():198}(Object(Illuminate/Http/Request))
#12 C:/Users/agusp/Desktop/Clase/TFG/F1Fantasy/backend/vendor/laravel/framework/src/Illuminate/Foundation/Http/Middleware/TransformsRequest.php(21): Illuminate/Pipeline/Pipeline->{closure:Illuminate/Pipeline/Pipeline::prepareDestination():168}(Object(Illuminate/Http/Request))
#13 C:/Users/agusp/Desktop/Clase/TFG/F1Fantasy/backend/vendor/laravel/framework/src/Illuminate/Foundation/Http/Middleware/ConvertEmptyStringsToNull.php(31): Illuminate/Foundation/Http/Middleware/TransformsRequest->handle(Object(Illuminate/Http/Request), Object(Closure))
#14 C:/Users/agusp/Desktop/Clase/TFG/F1Fantasy/backend/vendor/laravel/framework/src/Illuminate/Pipeline/Pipeline.php(209): Illuminate/Foundation/Http/Middleware/ConvertEmptyStringsToNull->handle(Object(Illuminate/Http/Request), Object(Closure))
#15 C:/Users/agusp/Desktop/Clase/TFG/F1Fantasy/backend/vendor/laravel/framework/src/Illuminate/Foundation/Http/Middleware/TransformsRequest.php(21): Illuminate/Pipeline/Pipeline->{closure:{closure:Illuminate/Pipeline/Pipeline::carry():184}:185}(Object(Illuminate/Http/Request))
#16 C:/Users/agusp/Desktop/Clase/TFG/F1Fantasy/backend/vendor/laravel/framework/src/Illuminate/Foundation/Http/Middleware/TrimStrings.php(51): Illuminate/Foundation/Http/Middleware/TransformsRequest->handle(Object(Illuminate/Http/Request), Object(Closure))
#17 C:/Users/agusp/Desktop/Clase/TFG/F1Fantasy/backend/vendor/laravel/framework/src/Illuminate/Pipeline/Pipeline.php(209): Illuminate/Foundation/Http/Middleware/TrimStrings->handle(Object(Illuminate/Http/Request), Object(Closure))
#18 C:/Users/agusp/Desktop/Clase/TFG/F1Fantasy/backend/vendor/laravel/framework/src/Illuminate/Http/Middleware/ValidatePostSize.php(27): Illuminate/Pipeline/Pipeline->{closure:{closure:Illuminate/Pipeline/Pipeline::carry():184}:185}(Object(Illuminate/Http/Request))
#19 C:/Users/agusp/Desktop/Clase/TFG/F1Fantasy/backend/vendor/laravel/framework/src/Illuminate/Pipeline/Pipeline.php(209): Illuminate/Http/Middleware/ValidatePostSize->handle(Object(Illuminate/Http/Request), Object(Closure))
#20 C:/Users/agusp/Desktop/Clase/TFG/F1Fantasy/backend/vendor/laravel/framework/src/Illuminate/Foundation/Http/Middleware/PreventRequestsDuringMaintenance.php(110): Illuminate/Pipeline/Pipeline->{closure:{closure:Illuminate/Pipeline/Pipeline::carry():184}:185}(Object(Illuminate/Http/Request))
#21 C:/Users/agusp/Desktop/Clase/TFG/F1Fantasy/backend/vendor/laravel/framework/src/Illuminate/Pipeline/Pipeline.php(209): Illuminate/Foundation/Http/Middleware/PreventRequestsDuringMaintenance->handle(Object(Illuminate/Http/Request), Object(Closure))
#22 C:/Users/agusp/Desktop/Clase/TFG/F1Fantasy/backend/vendor/laravel/framework/src/Illuminate/Http/Middleware/HandleCors.php(62): Illuminate/Pipeline/Pipeline->{closure:{closure:Illuminate/Pipeline/Pipeline::carry():184}:185}(Object(Illuminate/Http/Request))
#23 C:/Users/agusp/Desktop/Clase/TFG/F1Fantasy/backend/vendor/laravel/framework/src/Illuminate/Pipeline/Pipeline.php(209): Illuminate/Http/Middleware/HandleCors->handle(Object(Illuminate/Http/Request), Object(Closure))
#24 C:/Users/agusp/Desktop/Clase/TFG/F1Fantasy/backend/vendor/laravel/framework/src/Illuminate/Http/Middleware/TrustProxies.php(58): Illuminate/Pipeline/Pipeline->{closure:{closure:Illuminate/Pipeline/Pipeline::carry():184}:185}(Object(Illuminate/Http/Request))
#25 C:/Users/agusp/Desktop/Clase/TFG/F1Fantasy/backend/vendor/laravel/framework/src/Illuminate/Pipeline/Pipeline.php(209): Illuminate/Http/Middleware/TrustProxies->handle(Object(Illuminate/Http/Request), Object(Closure))
#26 C:/Users/agusp/Desktop/Clase/TFG/F1Fantasy/backend/vendor/laravel/framework/src/Illuminate/Foundation/Http/Middleware/InvokeDeferredCallbacks.php(22): Illuminate/Pipeline/Pipeline->{closure:{closure:Illuminate/Pipeline/Pipeline::carry():184}:185}(Object(Illuminate/Http/Request))
#27 C:/Users/agusp/Desktop/Clase/TFG/F1Fantasy/backend/vendor/laravel/framework/src/Illuminate/Pipeline/Pipeline.php(209): Illuminate/Foundation/Http/Middleware/InvokeDeferredCallbacks->handle(Object(Illuminate/Http/Request), Object(Closure))
#28 C:/Users/agusp/Desktop/Clase/TFG/F1Fantasy/backend/vendor/laravel/framework/src/Illuminate/Pipeline/Pipeline.php(127): Illuminate/Pipeline/Pipeline->{closure:{closure:Illuminate/Pipeline/Pipeline::carry():184}:185}(Object(Illuminate/Http/Request))
#29 C:/Users/agusp/Desktop/Clase/TFG/F1Fantasy/backend/vendor/laravel/framework/src/Illuminate/Foundation/Http/Kernel.php(176): Illuminate/Pipeline/Pipeline->then(Object(Closure))
#30 C:/Users/agusp/Desktop/Clase/TFG/F1Fantasy/backend/vendor/laravel/framework/src/Illuminate/Foundation/Http/Kernel.php(145): Illuminate/Foundation/Http/Kernel->sendRequestThroughRouter(Object(Illuminate/Http/Request))
#31 C:/Users/agusp/Desktop/Clase/TFG/F1Fantasy/backend/vendor/laravel/framework/src/Illuminate/Foundation/Application.php(1220): Illuminate/Foundation/Http/Kernel->handle(Object(Illuminate/Http/Request))
#32 C:/Users/agusp/Desktop/Clase/TFG/F1Fantasy/backend/public/index.php(17): Illuminate/Foundation/Application->handleRequest(Object(Illuminate/Http/Request))
#33 C:/Users/agusp/Desktop/Clase/TFG/F1Fantasy/backend/vendor/laravel/framework/src/Illuminate/Foundation/resources/server.php(23): require_once('C://Users//agusp//...')
#34 {main}
"} 
[2026-04-23 20:29:41] local.ERROR: SQLSTATE[42S02]: Base table or view not found: 1146 Table 'f1fantasy.personal_access_tokens' doesn't exist (Connection: mysql, SQL: insert into `personal_access_tokens` (`name`, `token`, `abilities`, `expires_at`, `tokenable_id`, `tokenable_type`, `updated_at`, `created_at`) values (auth_token, e219140cd036156c40fa1dfff90416762dcbbbd19c4ccc44f72c64b4f9df37ba, ["*"], ?, 1, App\Models\User, 2026-04-23 20:29:41, 2026-04-23 20:29:41)) {"userId":1,"exception":"[object] (Illuminate\\Database\\QueryException(code: 42S02): SQLSTATE[42S02]: Base table or view not found: 1146 Table 'f1fantasy.personal_access_tokens' doesn't exist (Connection: mysql, SQL: insert into `personal_access_tokens` (`name`, `token`, `abilities`, `expires_at`, `tokenable_id`, `tokenable_type`, `updated_at`, `created_at`) values (auth_token, e219140cd036156c40fa1dfff90416762dcbbbd19c4ccc44f72c64b4f9df37ba, [\"*\"], ?, 1, App\\Models\\User, 2026-04-23 20:29:41, 2026-04-23 20:29:41)) at C:/Users/agusp/Desktop/Clase/TFG/F1Fantasy/backend/vendor/laravel/framework/src/Illuminate/Database/Connection.php:825)
[stacktrace]
#0 C:/Users/agusp/Desktop/Clase/TFG/F1Fantasy/backend/vendor/laravel/framework/src/Illuminate/Database/Connection.php(779): Illuminate/Database/Connection->runQueryCallback('insert into `pe...', Array, Object(Closure))
#1 C:/Users/agusp/Desktop/Clase/TFG/F1Fantasy/backend/vendor/laravel/framework/src/Illuminate/Database/MySqlConnection.php(42): Illuminate/Database/Connection->run('insert into `pe...', Array, Object(Closure))
#2 C:/Users/agusp/Desktop/Clase/TFG/F1Fantasy/backend/vendor/laravel/framework/src/Illuminate/Database/Query/Processors/MySqlProcessor.php(35): Illuminate/Database/MySqlConnection->insert('insert into `pe...', Array, 'id')
#3 C:/Users/agusp/Desktop/Clase/TFG/F1Fantasy/backend/vendor/laravel/framework/src/Illuminate/Database/Query/Builder.php(3766): Illuminate/Database/Query/Processors/MySqlProcessor->processInsertGetId(Object(Illuminate/Database/Query/Builder), 'insert into `pe...', Array, 'id')
#4 C:/Users/agusp/Desktop/Clase/TFG/F1Fantasy/backend/vendor/laravel/framework/src/Illuminate/Database/Eloquent/Builder.php(2120): Illuminate/Database/Query/Builder->insertGetId(Array, 'id')
#5 C:/Users/agusp/Desktop/Clase/TFG/F1Fantasy/backend/vendor/laravel/framework/src/Illuminate/Database/Eloquent/Model.php(1359): Illuminate/Database/Eloquent/Builder->__call('insertGetId', Array)
#6 C:/Users/agusp/Desktop/Clase/TFG/F1Fantasy/backend/vendor/laravel/framework/src/Illuminate/Database/Eloquent/Model.php(1324): Illuminate/Database/Eloquent/Model->insertAndSetId(Object(Illuminate/Database/Eloquent/Builder), Array)
#7 C:/Users/agusp/Desktop/Clase/TFG/F1Fantasy/backend/vendor/laravel/framework/src/Illuminate/Database/Eloquent/Model.php(1163): Illuminate/Database/Eloquent/Model->performInsert(Object(Illuminate/Database/Eloquent/Builder))
#8 C:/Users/agusp/Desktop/Clase/TFG/F1Fantasy/backend/vendor/laravel/framework/src/Illuminate/Database/Eloquent/Relations/HasOneOrMany.php(371): Illuminate/Database/Eloquent/Model->save()
#9 C:/Users/agusp/Desktop/Clase/TFG/F1Fantasy/backend/vendor/laravel/framework/src/Illuminate/Support/helpers.php(399): Illuminate/Database/Eloquent/Relations/HasOneOrMany->{closure:Illuminate/Database/Eloquent/Relations/HasOneOrMany::create():368}(Object(Laravel/Sanctum/PersonalAccessToken))
#10 C:/Users/agusp/Desktop/Clase/TFG/F1Fantasy/backend/vendor/laravel/framework/src/Illuminate/Database/Eloquent/Relations/HasOneOrMany.php(368): tap(Object(Laravel/Sanctum/PersonalAccessToken), Object(Closure))
#11 C:/Users/agusp/Desktop/Clase/TFG/F1Fantasy/backend/vendor/laravel/sanctum/src/HasApiTokens.php(64): Illuminate/Database/Eloquent/Relations/HasOneOrMany->create(Array)
#12 C:/Users/agusp/Desktop/Clase/TFG/F1Fantasy/backend/app/Http/Controllers/Api/AuthController.php(54): App/Models/User->createToken('auth_token')
#13 C:/Users/agusp/Desktop/Clase/TFG/F1Fantasy/backend/vendor/laravel/framework/src/Illuminate/Routing/ControllerDispatcher.php(47): App/Http/Controllers/Api/AuthController->login(Object(Illuminate/Http/Request))
#14 C:/Users/agusp/Desktop/Clase/TFG/F1Fantasy/backend/vendor/laravel/framework/src/Illuminate/Routing/Route.php(266): Illuminate/Routing/ControllerDispatcher->dispatch(Object(Illuminate/Routing/Route), Object(App/Http/Controllers/Api/AuthController), 'login')
#15 C:/Users/agusp/Desktop/Clase/TFG/F1Fantasy/backend/vendor/laravel/framework/src/Illuminate/Routing/Route.php(212): Illuminate/Routing/Route->runController()
#16 C:/Users/agusp/Desktop/Clase/TFG/F1Fantasy/backend/vendor/laravel/framework/src/Illuminate/Routing/Router.php(808): Illuminate/Routing/Route->run()
#17 C:/Users/agusp/Desktop/Clase/TFG/F1Fantasy/backend/vendor/laravel/framework/src/Illuminate/Pipeline/Pipeline.php(170): Illuminate/Routing/Router->{closure:Illuminate/Routing/Router::runRouteWithinStack():807}(Object(Illuminate/Http/Request))
#18 C:/Users/agusp/Desktop/Clase/TFG/F1Fantasy/backend/vendor/laravel/framework/src/Illuminate/Routing/Middleware/SubstituteBindings.php(51): Illuminate/Pipeline/Pipeline->{closure:Illuminate/Pipeline/Pipeline::prepareDestination():168}(Object(Illuminate/Http/Request))
#19 C:/Users/agusp/Desktop/Clase/TFG/F1Fantasy/backend/vendor/laravel/framework/src/Illuminate/Pipeline/Pipeline.php(209): Illuminate/Routing/Middleware/SubstituteBindings->handle(Object(Illuminate/Http/Request), Object(Closure))
#20 C:/Users/agusp/Desktop/Clase/TFG/F1Fantasy/backend/vendor/laravel/framework/src/Illuminate/Pipeline/Pipeline.php(127): Illuminate/Pipeline/Pipeline->{closure:{closure:Illuminate/Pipeline/Pipeline::carry():184}:185}(Object(Illuminate/Http/Request))
#21 C:/Users/agusp/Desktop/Clase/TFG/F1Fantasy/backend/vendor/laravel/framework/src/Illuminate/Routing/Router.php(807): Illuminate/Pipeline/Pipeline->then(Object(Closure))
#22 C:/Users/agusp/Desktop/Clase/TFG/F1Fantasy/backend/vendor/laravel/framework/src/Illuminate/Routing/Router.php(786): Illuminate/Routing/Router->runRouteWithinStack(Object(Illuminate/Routing/Route), Object(Illuminate/Http/Request))
#23 C:/Users/agusp/Desktop/Clase/TFG/F1Fantasy/backend/vendor/laravel/framework/src/Illuminate/Routing/Router.php(750): Illuminate/Routing/Router->runRoute(Object(Illuminate/Http/Request), Object(Illuminate/Routing/Route))
#24 C:/Users/agusp/Desktop/Clase/TFG/F1Fantasy/backend/vendor/laravel/framework/src/Illuminate/Routing/Router.php(739): Illuminate/Routing/Router->dispatchToRoute(Object(Illuminate/Http/Request))
#25 C:/Users/agusp/Desktop/Clase/TFG/F1Fantasy/backend/vendor/laravel/framework/src/Illuminate/Foundation/Http/Kernel.php(201): Illuminate/Routing/Router->dispatch(Object(Illuminate/Http/Request))
#26 C:/Users/agusp/Desktop/Clase/TFG/F1Fantasy/backend/vendor/laravel/framework/src/Illuminate/Pipeline/Pipeline.php(170): Illuminate/Foundation/Http/Kernel->{closure:Illuminate/Foundation/Http/Kernel::dispatchToRouter():198}(Object(Illuminate/Http/Request))
#27 C:/Users/agusp/Desktop/Clase/TFG/F1Fantasy/backend/vendor/laravel/framework/src/Illuminate/Foundation/Http/Middleware/TransformsRequest.php(21): Illuminate/Pipeline/Pipeline->{closure:Illuminate/Pipeline/Pipeline::prepareDestination():168}(Object(Illuminate/Http/Request))
#28 C:/Users/agusp/Desktop/Clase/TFG/F1Fantasy/backend/vendor/laravel/framework/src/Illuminate/Foundation/Http/Middleware/ConvertEmptyStringsToNull.php(31): Illuminate/Foundation/Http/Middleware/TransformsRequest->handle(Object(Illuminate/Http/Request), Object(Closure))
#29 C:/Users/agusp/Desktop/Clase/TFG/F1Fantasy/backend/vendor/laravel/framework/src/Illuminate/Pipeline/Pipeline.php(209): Illuminate/Foundation/Http/Middleware/ConvertEmptyStringsToNull->handle(Object(Illuminate/Http/Request), Object(Closure))
#30 C:/Users/agusp/Desktop/Clase/TFG/F1Fantasy/backend/vendor/laravel/framework/src/Illuminate/Foundation/Http/Middleware/TransformsRequest.php(21): Illuminate/Pipeline/Pipeline->{closure:{closure:Illuminate/Pipeline/Pipeline::carry():184}:185}(Object(Illuminate/Http/Request))
#31 C:/Users/agusp/Desktop/Clase/TFG/F1Fantasy/backend/vendor/laravel/framework/src/Illuminate/Foundation/Http/Middleware/TrimStrings.php(51): Illuminate/Foundation/Http/Middleware/TransformsRequest->handle(Object(Illuminate/Http/Request), Object(Closure))
#32 C:/Users/agusp/Desktop/Clase/TFG/F1Fantasy/backend/vendor/laravel/framework/src/Illuminate/Pipeline/Pipeline.php(209): Illuminate/Foundation/Http/Middleware/TrimStrings->handle(Object(Illuminate/Http/Request), Object(Closure))
#33 C:/Users/agusp/Desktop/Clase/TFG/F1Fantasy/backend/vendor/laravel/framework/src/Illuminate/Http/Middleware/ValidatePostSize.php(27): Illuminate/Pipeline/Pipeline->{closure:{closure:Illuminate/Pipeline/Pipeline::carry():184}:185}(Object(Illuminate/Http/Request))
#34 C:/Users/agusp/Desktop/Clase/TFG/F1Fantasy/backend/vendor/laravel/framework/src/Illuminate/Pipeline/Pipeline.php(209): Illuminate/Http/Middleware/ValidatePostSize->handle(Object(Illuminate/Http/Request), Object(Closure))
#35 C:/Users/agusp/Desktop/Clase/TFG/F1Fantasy/backend/vendor/laravel/framework/src/Illuminate/Foundation/Http/Middleware/PreventRequestsDuringMaintenance.php(110): Illuminate/Pipeline/Pipeline->{closure:{closure:Illuminate/Pipeline/Pipeline::carry():184}:185}(Object(Illuminate/Http/Request))
#36 C:/Users/agusp/Desktop/Clase/TFG/F1Fantasy/backend/vendor/laravel/framework/src/Illuminate/Pipeline/Pipeline.php(209): Illuminate/Foundation/Http/Middleware/PreventRequestsDuringMaintenance->handle(Object(Illuminate/Http/Request), Object(Closure))
#37 C:/Users/agusp/Desktop/Clase/TFG/F1Fantasy/backend/vendor/laravel/framework/src/Illuminate/Http/Middleware/HandleCors.php(62): Illuminate/Pipeline/Pipeline->{closure:{closure:Illuminate/Pipeline/Pipeline::carry():184}:185}(Object(Illuminate/Http/Request))
#38 C:/Users/agusp/Desktop/Clase/TFG/F1Fantasy/backend/vendor/laravel/framework/src/Illuminate/Pipeline/Pipeline.php(209): Illuminate/Http/Middleware/HandleCors->handle(Object(Illuminate/Http/Request), Object(Closure))
#39 C:/Users/agusp/Desktop/Clase/TFG/F1Fantasy/backend/vendor/laravel/framework/src/Illuminate/Http/Middleware/TrustProxies.php(58): Illuminate/Pipeline/Pipeline->{closure:{closure:Illuminate/Pipeline/Pipeline::carry():184}:185}(Object(Illuminate/Http/Request))
#40 C:/Users/agusp/Desktop/Clase/TFG/F1Fantasy/backend/vendor/laravel/framework/src/Illuminate/Pipeline/Pipeline.php(209): Illuminate/Http/Middleware/TrustProxies->handle(Object(Illuminate/Http/Request), Object(Closure))
#41 C:/Users/agusp/Desktop/Clase/TFG/F1Fantasy/backend/vendor/laravel/framework/src/Illuminate/Foundation/Http/Middleware/InvokeDeferredCallbacks.php(22): Illuminate/Pipeline/Pipeline->{closure:{closure:Illuminate/Pipeline/Pipeline::carry():184}:185}(Object(Illuminate/Http/Request))
#42 C:/Users/agusp/Desktop/Clase/TFG/F1Fantasy/backend/vendor/laravel/framework/src/Illuminate/Pipeline/Pipeline.php(209): Illuminate/Foundation/Http/Middleware/InvokeDeferredCallbacks->handle(Object(Illuminate/Http/Request), Object(Closure))
#43 C:/Users/agusp/Desktop/Clase/TFG/F1Fantasy/backend/vendor/laravel/framework/src/Illuminate/Pipeline/Pipeline.php(127): Illuminate/Pipeline/Pipeline->{closure:{closure:Illuminate/Pipeline/Pipeline::carry():184}:185}(Object(Illuminate/Http/Request))
#44 C:/Users/agusp/Desktop/Clase/TFG/F1Fantasy/backend/vendor/laravel/framework/src/Illuminate/Foundation/Http/Kernel.php(176): Illuminate/Pipeline/Pipeline->then(Object(Closure))
#45 C:/Users/agusp/Desktop/Clase/TFG/F1Fantasy/backend/vendor/laravel/framework/src/Illuminate/Foundation/Http/Kernel.php(145): Illuminate/Foundation/Http/Kernel->sendRequestThroughRouter(Object(Illuminate/Http/Request))
#46 C:/Users/agusp/Desktop/Clase/TFG/F1Fantasy/backend/vendor/laravel/framework/src/Illuminate/Foundation/Application.php(1220): Illuminate/Foundation/Http/Kernel->handle(Object(Illuminate/Http/Request))
#47 C:/Users/agusp/Desktop/Clase/TFG/F1Fantasy/backend/public/index.php(17): Illuminate/Foundation/Application->handleRequest(Object(Illuminate/Http/Request))
#48 C:/Users/agusp/Desktop/Clase/TFG/F1Fantasy/backend/vendor/laravel/framework/src/Illuminate/Foundation/resources/server.php(23): require_once('C://Users//agusp//...')
#49 {main}

[previous exception] [object] (PDOException(code: 42S02): SQLSTATE[42S02]: Base table or view not found: 1146 Table 'f1fantasy.personal_access_tokens' doesn't exist at C:/Users/agusp/Desktop/Clase/TFG/F1Fantasy/backend/vendor/laravel/framework/src/Illuminate/Database/MySqlConnection.php:47)
[stacktrace]
#0 C:/Users/agusp/Desktop/Clase/TFG/F1Fantasy/backend/vendor/laravel/framework/src/Illuminate/Database/MySqlConnection.php(47): PDO->prepare('insert into `pe...')
#1 C:/Users/agusp/Desktop/Clase/TFG/F1Fantasy/backend/vendor/laravel/framework/src/Illuminate/Database/Connection.php(812): Illuminate/Database/MySqlConnection->{closure:Illuminate/Database/MySqlConnection::insert():42}('insert into `pe...', Array)
#2 C:/Users/agusp/Desktop/Clase/TFG/F1Fantasy/backend/vendor/laravel/framework/src/Illuminate/Database/Connection.php(779): Illuminate/Database/Connection->runQueryCallback('insert into `pe...', Array, Object(Closure))
#3 C:/Users/agusp/Desktop/Clase/TFG/F1Fantasy/backend/vendor/laravel/framework/src/Illuminate/Database/MySqlConnection.php(42): Illuminate/Database/Connection->run('insert into `pe...', Array, Object(Closure))
#4 C:/Users/agusp/Desktop/Clase/TFG/F1Fantasy/backend/vendor/laravel/framework/src/Illuminate/Database/Query/Processors/MySqlProcessor.php(35): Illuminate/Database/MySqlConnection->insert('insert into `pe...', Array, 'id')
#5 C:/Users/agusp/Desktop/Clase/TFG/F1Fantasy/backend/vendor/laravel/framework/src/Illuminate/Database/Query/Builder.php(3766): Illuminate/Database/Query/Processors/MySqlProcessor->processInsertGetId(Object(Illuminate/Database/Query/Builder), 'insert into `pe...', Array, 'id')
#6 C:/Users/agusp/Desktop/Clase/TFG/F1Fantasy/backend/vendor/laravel/framework/src/Illuminate/Database/Eloquent/Builder.php(2120): Illuminate/Database/Query/Builder->insertGetId(Array, 'id')
#7 C:/Users/agusp/Desktop/Clase/TFG/F1Fantasy/backend/vendor/laravel/framework/src/Illuminate/Database/Eloquent/Model.php(1359): Illuminate/Database/Eloquent/Builder->__call('insertGetId', Array)
#8 C:/Users/agusp/Desktop/Clase/TFG/F1Fantasy/backend/vendor/laravel/framework/src/Illuminate/Database/Eloquent/Model.php(1324): Illuminate/Database/Eloquent/Model->insertAndSetId(Object(Illuminate/Database/Eloquent/Builder), Array)
#9 C:/Users/agusp/Desktop/Clase/TFG/F1Fantasy/backend/vendor/laravel/framework/src/Illuminate/Database/Eloquent/Model.php(1163): Illuminate/Database/Eloquent/Model->performInsert(Object(Illuminate/Database/Eloquent/Builder))
#10 C:/Users/agusp/Desktop/Clase/TFG/F1Fantasy/backend/vendor/laravel/framework/src/Illuminate/Database/Eloquent/Relations/HasOneOrMany.php(371): Illuminate/Database/Eloquent/Model->save()
#11 C:/Users/agusp/Desktop/Clase/TFG/F1Fantasy/backend/vendor/laravel/framework/src/Illuminate/Support/helpers.php(399): Illuminate/Database/Eloquent/Relations/HasOneOrMany->{closure:Illuminate/Database/Eloquent/Relations/HasOneOrMany::create():368}(Object(Laravel/Sanctum/PersonalAccessToken))
#12 C:/Users/agusp/Desktop/Clase/TFG/F1Fantasy/backend/vendor/laravel/framework/src/Illuminate/Database/Eloquent/Relations/HasOneOrMany.php(368): tap(Object(Laravel/Sanctum/PersonalAccessToken), Object(Closure))
#13 C:/Users/agusp/Desktop/Clase/TFG/F1Fantasy/backend/vendor/laravel/sanctum/src/HasApiTokens.php(64): Illuminate/Database/Eloquent/Relations/HasOneOrMany->create(Array)
#14 C:/Users/agusp/Desktop/Clase/TFG/F1Fantasy/backend/app/Http/Controllers/Api/AuthController.php(54): App/Models/User->createToken('auth_token')
#15 C:/Users/agusp/Desktop/Clase/TFG/F1Fantasy/backend/vendor/laravel/framework/src/Illuminate/Routing/ControllerDispatcher.php(47): App/Http/Controllers/Api/AuthController->login(Object(Illuminate/Http/Request))
#16 C:/Users/agusp/Desktop/Clase/TFG/F1Fantasy/backend/vendor/laravel/framework/src/Illuminate/Routing/Route.php(266): Illuminate/Routing/ControllerDispatcher->dispatch(Object(Illuminate/Routing/Route), Object(App/Http/Controllers/Api/AuthController), 'login')
#17 C:/Users/agusp/Desktop/Clase/TFG/F1Fantasy/backend/vendor/laravel/framework/src/Illuminate/Routing/Route.php(212): Illuminate/Routing/Route->runController()
#18 C:/Users/agusp/Desktop/Clase/TFG/F1Fantasy/backend/vendor/laravel/framework/src/Illuminate/Routing/Router.php(808): Illuminate/Routing/Route->run()
#19 C:/Users/agusp/Desktop/Clase/TFG/F1Fantasy/backend/vendor/laravel/framework/src/Illuminate/Pipeline/Pipeline.php(170): Illuminate/Routing/Router->{closure:Illuminate/Routing/Router::runRouteWithinStack():807}(Object(Illuminate/Http/Request))
#20 C:/Users/agusp/Desktop/Clase/TFG/F1Fantasy/backend/vendor/laravel/framework/src/Illuminate/Routing/Middleware/SubstituteBindings.php(51): Illuminate/Pipeline/Pipeline->{closure:Illuminate/Pipeline/Pipeline::prepareDestination():168}(Object(Illuminate/Http/Request))
#21 C:/Users/agusp/Desktop/Clase/TFG/F1Fantasy/backend/vendor/laravel/framework/src/Illuminate/Pipeline/Pipeline.php(209): Illuminate/Routing/Middleware/SubstituteBindings->handle(Object(Illuminate/Http/Request), Object(Closure))
#22 C:/Users/agusp/Desktop/Clase/TFG/F1Fantasy/backend/vendor/laravel/framework/src/Illuminate/Pipeline/Pipeline.php(127): Illuminate/Pipeline/Pipeline->{closure:{closure:Illuminate/Pipeline/Pipeline::carry():184}:185}(Object(Illuminate/Http/Request))
#23 C:/Users/agusp/Desktop/Clase/TFG/F1Fantasy/backend/vendor/laravel/framework/src/Illuminate/Routing/Router.php(807): Illuminate/Pipeline/Pipeline->then(Object(Closure))
#24 C:/Users/agusp/Desktop/Clase/TFG/F1Fantasy/backend/vendor/laravel/framework/src/Illuminate/Routing/Router.php(786): Illuminate/Routing/Router->runRouteWithinStack(Object(Illuminate/Routing/Route), Object(Illuminate/Http/Request))
#25 C:/Users/agusp/Desktop/Clase/TFG/F1Fantasy/backend/vendor/laravel/framework/src/Illuminate/Routing/Router.php(750): Illuminate/Routing/Router->runRoute(Object(Illuminate/Http/Request), Object(Illuminate/Routing/Route))
#26 C:/Users/agusp/Desktop/Clase/TFG/F1Fantasy/backend/vendor/laravel/framework/src/Illuminate/Routing/Router.php(739): Illuminate/Routing/Router->dispatchToRoute(Object(Illuminate/Http/Request))
#27 C:/Users/agusp/Desktop/Clase/TFG/F1Fantasy/backend/vendor/laravel/framework/src/Illuminate/Foundation/Http/Kernel.php(201): Illuminate/Routing/Router->dispatch(Object(Illuminate/Http/Request))
#28 C:/Users/agusp/Desktop/Clase/TFG/F1Fantasy/backend/vendor/laravel/framework/src/Illuminate/Pipeline/Pipeline.php(170): Illuminate/Foundation/Http/Kernel->{closure:Illuminate/Foundation/Http/Kernel::dispatchToRouter():198}(Object(Illuminate/Http/Request))
#29 C:/Users/agusp/Desktop/Clase/TFG/F1Fantasy/backend/vendor/laravel/framework/src/Illuminate/Foundation/Http/Middleware/TransformsRequest.php(21): Illuminate/Pipeline/Pipeline->{closure:Illuminate/Pipeline/Pipeline::prepareDestination():168}(Object(Illuminate/Http/Request))
#30 C:/Users/agusp/Desktop/Clase/TFG/F1Fantasy/backend/vendor/laravel/framework/src/Illuminate/Foundation/Http/Middleware/ConvertEmptyStringsToNull.php(31): Illuminate/Foundation/Http/Middleware/TransformsRequest->handle(Object(Illuminate/Http/Request), Object(Closure))
#31 C:/Users/agusp/Desktop/Clase/TFG/F1Fantasy/backend/vendor/laravel/framework/src/Illuminate/Pipeline/Pipeline.php(209): Illuminate/Foundation/Http/Middleware/ConvertEmptyStringsToNull->handle(Object(Illuminate/Http/Request), Object(Closure))
#32 C:/Users/agusp/Desktop/Clase/TFG/F1Fantasy/backend/vendor/laravel/framework/src/Illuminate/Foundation/Http/Middleware/TransformsRequest.php(21): Illuminate/Pipeline/Pipeline->{closure:{closure:Illuminate/Pipeline/Pipeline::carry():184}:185}(Object(Illuminate/Http/Request))
#33 C:/Users/agusp/Desktop/Clase/TFG/F1Fantasy/backend/vendor/laravel/framework/src/Illuminate/Foundation/Http/Middleware/TrimStrings.php(51): Illuminate/Foundation/Http/Middleware/TransformsRequest->handle(Object(Illuminate/Http/Request), Object(Closure))
#34 C:/Users/agusp/Desktop/Clase/TFG/F1Fantasy/backend/vendor/laravel/framework/src/Illuminate/Pipeline/Pipeline.php(209): Illuminate/Foundation/Http/Middleware/TrimStrings->handle(Object(Illuminate/Http/Request), Object(Closure))
#35 C:/Users/agusp/Desktop/Clase/TFG/F1Fantasy/backend/vendor/laravel/framework/src/Illuminate/Http/Middleware/ValidatePostSize.php(27): Illuminate/Pipeline/Pipeline->{closure:{closure:Illuminate/Pipeline/Pipeline::carry():184}:185}(Object(Illuminate/Http/Request))
#36 C:/Users/agusp/Desktop/Clase/TFG/F1Fantasy/backend/vendor/laravel/framework/src/Illuminate/Pipeline/Pipeline.php(209): Illuminate/Http/Middleware/ValidatePostSize->handle(Object(Illuminate/Http/Request), Object(Closure))
#37 C:/Users/agusp/Desktop/Clase/TFG/F1Fantasy/backend/vendor/laravel/framework/src/Illuminate/Foundation/Http/Middleware/PreventRequestsDuringMaintenance.php(110): Illuminate/Pipeline/Pipeline->{closure:{closure:Illuminate/Pipeline/Pipeline::carry():184}:185}(Object(Illuminate/Http/Request))
#38 C:/Users/agusp/Desktop/Clase/TFG/F1Fantasy/backend/vendor/laravel/framework/src/Illuminate/Pipeline/Pipeline.php(209): Illuminate/Foundation/Http/Middleware/PreventRequestsDuringMaintenance->handle(Object(Illuminate/Http/Request), Object(Closure))
#39 C:/Users/agusp/Desktop/Clase/TFG/F1Fantasy/backend/vendor/laravel/framework/src/Illuminate/Http/Middleware/HandleCors.php(62): Illuminate/Pipeline/Pipeline->{closure:{closure:Illuminate/Pipeline/Pipeline::carry():184}:185}(Object(Illuminate/Http/Request))
#40 C:/Users/agusp/Desktop/Clase/TFG/F1Fantasy/backend/vendor/laravel/framework/src/Illuminate/Pipeline/Pipeline.php(209): Illuminate/Http/Middleware/HandleCors->handle(Object(Illuminate/Http/Request), Object(Closure))
#41 C:/Users/agusp/Desktop/Clase/TFG/F1Fantasy/backend/vendor/laravel/framework/src/Illuminate/Http/Middleware/TrustProxies.php(58): Illuminate/Pipeline/Pipeline->{closure:{closure:Illuminate/Pipeline/Pipeline::carry():184}:185}(Object(Illuminate/Http/Request))
#42 C:/Users/agusp/Desktop/Clase/TFG/F1Fantasy/backend/vendor/laravel/framework/src/Illuminate/Pipeline/Pipeline.php(209): Illuminate/Http/Middleware/TrustProxies->handle(Object(Illuminate/Http/Request), Object(Closure))
#43 C:/Users/agusp/Desktop/Clase/TFG/F1Fantasy/backend/vendor/laravel/framework/src/Illuminate/Foundation/Http/Middleware/InvokeDeferredCallbacks.php(22): Illuminate/Pipeline/Pipeline->{closure:{closure:Illuminate/Pipeline/Pipeline::carry():184}:185}(Object(Illuminate/Http/Request))
#44 C:/Users/agusp/Desktop/Clase/TFG/F1Fantasy/backend/vendor/laravel/framework/src/Illuminate/Pipeline/Pipeline.php(209): Illuminate/Foundation/Http/Middleware/InvokeDeferredCallbacks->handle(Object(Illuminate/Http/Request), Object(Closure))
#45 C:/Users/agusp/Desktop/Clase/TFG/F1Fantasy/backend/vendor/laravel/framework/src/Illuminate/Pipeline/Pipeline.php(127): Illuminate/Pipeline/Pipeline->{closure:{closure:Illuminate/Pipeline/Pipeline::carry():184}:185}(Object(Illuminate/Http/Request))
#46 C:/Users/agusp/Desktop/Clase/TFG/F1Fantasy/backend/vendor/laravel/framework/src/Illuminate/Foundation/Http/Kernel.php(176): Illuminate/Pipeline/Pipeline->then(Object(Closure))
#47 C:/Users/agusp/Desktop/Clase/TFG/F1Fantasy/backend/vendor/laravel/framework/src/Illuminate/Foundation/Http/Kernel.php(145): Illuminate/Foundation/Http/Kernel->sendRequestThroughRouter(Object(Illuminate/Http/Request))
#48 C:/Users/agusp/Desktop/Clase/TFG/F1Fantasy/backend/vendor/laravel/framework/src/Illuminate/Foundation/Application.php(1220): Illuminate/Foundation/Http/Kernel->handle(Object(Illuminate/Http/Request))
#49 C:/Users/agusp/Desktop/Clase/TFG/F1Fantasy/backend/public/index.php(17): Illuminate/Foundation/Application->handleRequest(Object(Illuminate/Http/Request))
#50 C:/Users/agusp/Desktop/Clase/TFG/F1Fantasy/backend/vendor/laravel/framework/src/Illuminate/Foundation/resources/server.php(23): require_once('C://Users//agusp//...')
#51 {main}
"} 
[2026-04-23 20:29:45] local.ERROR: SQLSTATE[42S02]: Base table or view not found: 1146 Table 'f1fantasy.personal_access_tokens' doesn't exist (Connection: mysql, SQL: insert into `personal_access_tokens` (`name`, `token`, `abilities`, `expires_at`, `tokenable_id`, `tokenable_type`, `updated_at`, `created_at`) values (auth_token, b8db0a3e69fe0038cf412ff9f8541f9bfc1b27c1a9b75f26a2a9c80d2e4b0d0f, ["*"], ?, 1, App\Models\User, 2026-04-23 20:29:45, 2026-04-23 20:29:45)) {"userId":1,"exception":"[object] (Illuminate\\Database\\QueryException(code: 42S02): SQLSTATE[42S02]: Base table or view not found: 1146 Table 'f1fantasy.personal_access_tokens' doesn't exist (Connection: mysql, SQL: insert into `personal_access_tokens` (`name`, `token`, `abilities`, `expires_at`, `tokenable_id`, `tokenable_type`, `updated_at`, `created_at`) values (auth_token, b8db0a3e69fe0038cf412ff9f8541f9bfc1b27c1a9b75f26a2a9c80d2e4b0d0f, [\"*\"], ?, 1, App\\Models\\User, 2026-04-23 20:29:45, 2026-04-23 20:29:45)) at C:/Users/agusp/Desktop/Clase/TFG/F1Fantasy/backend/vendor/laravel/framework/src/Illuminate/Database/Connection.php:825)
[stacktrace]
#0 C:/Users/agusp/Desktop/Clase/TFG/F1Fantasy/backend/vendor/laravel/framework/src/Illuminate/Database/Connection.php(779): Illuminate/Database/Connection->runQueryCallback('insert into `pe...', Array, Object(Closure))
#1 C:/Users/agusp/Desktop/Clase/TFG/F1Fantasy/backend/vendor/laravel/framework/src/Illuminate/Database/MySqlConnection.php(42): Illuminate/Database/Connection->run('insert into `pe...', Array, Object(Closure))
#2 C:/Users/agusp/Desktop/Clase/TFG/F1Fantasy/backend/vendor/laravel/framework/src/Illuminate/Database/Query/Processors/MySqlProcessor.php(35): Illuminate/Database/MySqlConnection->insert('insert into `pe...', Array, 'id')
#3 C:/Users/agusp/Desktop/Clase/TFG/F1Fantasy/backend/vendor/laravel/framework/src/Illuminate/Database/Query/Builder.php(3766): Illuminate/Database/Query/Processors/MySqlProcessor->processInsertGetId(Object(Illuminate/Database/Query/Builder), 'insert into `pe...', Array, 'id')
#4 C:/Users/agusp/Desktop/Clase/TFG/F1Fantasy/backend/vendor/laravel/framework/src/Illuminate/Database/Eloquent/Builder.php(2120): Illuminate/Database/Query/Builder->insertGetId(Array, 'id')
#5 C:/Users/agusp/Desktop/Clase/TFG/F1Fantasy/backend/vendor/laravel/framework/src/Illuminate/Database/Eloquent/Model.php(1359): Illuminate/Database/Eloquent/Builder->__call('insertGetId', Array)
#6 C:/Users/agusp/Desktop/Clase/TFG/F1Fantasy/backend/vendor/laravel/framework/src/Illuminate/Database/Eloquent/Model.php(1324): Illuminate/Database/Eloquent/Model->insertAndSetId(Object(Illuminate/Database/Eloquent/Builder), Array)
#7 C:/Users/agusp/Desktop/Clase/TFG/F1Fantasy/backend/vendor/laravel/framework/src/Illuminate/Database/Eloquent/Model.php(1163): Illuminate/Database/Eloquent/Model->performInsert(Object(Illuminate/Database/Eloquent/Builder))
#8 C:/Users/agusp/Desktop/Clase/TFG/F1Fantasy/backend/vendor/laravel/framework/src/Illuminate/Database/Eloquent/Relations/HasOneOrMany.php(371): Illuminate/Database/Eloquent/Model->save()
#9 C:/Users/agusp/Desktop/Clase/TFG/F1Fantasy/backend/vendor/laravel/framework/src/Illuminate/Support/helpers.php(399): Illuminate/Database/Eloquent/Relations/HasOneOrMany->{closure:Illuminate/Database/Eloquent/Relations/HasOneOrMany::create():368}(Object(Laravel/Sanctum/PersonalAccessToken))
#10 C:/Users/agusp/Desktop/Clase/TFG/F1Fantasy/backend/vendor/laravel/framework/src/Illuminate/Database/Eloquent/Relations/HasOneOrMany.php(368): tap(Object(Laravel/Sanctum/PersonalAccessToken), Object(Closure))
#11 C:/Users/agusp/Desktop/Clase/TFG/F1Fantasy/backend/vendor/laravel/sanctum/src/HasApiTokens.php(64): Illuminate/Database/Eloquent/Relations/HasOneOrMany->create(Array)
#12 C:/Users/agusp/Desktop/Clase/TFG/F1Fantasy/backend/app/Http/Controllers/Api/AuthController.php(54): App/Models/User->createToken('auth_token')
#13 C:/Users/agusp/Desktop/Clase/TFG/F1Fantasy/backend/vendor/laravel/framework/src/Illuminate/Routing/ControllerDispatcher.php(47): App/Http/Controllers/Api/AuthController->login(Object(Illuminate/Http/Request))
#14 C:/Users/agusp/Desktop/Clase/TFG/F1Fantasy/backend/vendor/laravel/framework/src/Illuminate/Routing/Route.php(266): Illuminate/Routing/ControllerDispatcher->dispatch(Object(Illuminate/Routing/Route), Object(App/Http/Controllers/Api/AuthController), 'login')
#15 C:/Users/agusp/Desktop/Clase/TFG/F1Fantasy/backend/vendor/laravel/framework/src/Illuminate/Routing/Route.php(212): Illuminate/Routing/Route->runController()
#16 C:/Users/agusp/Desktop/Clase/TFG/F1Fantasy/backend/vendor/laravel/framework/src/Illuminate/Routing/Router.php(808): Illuminate/Routing/Route->run()
#17 C:/Users/agusp/Desktop/Clase/TFG/F1Fantasy/backend/vendor/laravel/framework/src/Illuminate/Pipeline/Pipeline.php(170): Illuminate/Routing/Router->{closure:Illuminate/Routing/Router::runRouteWithinStack():807}(Object(Illuminate/Http/Request))
#18 C:/Users/agusp/Desktop/Clase/TFG/F1Fantasy/backend/vendor/laravel/framework/src/Illuminate/Routing/Middleware/SubstituteBindings.php(51): Illuminate/Pipeline/Pipeline->{closure:Illuminate/Pipeline/Pipeline::prepareDestination():168}(Object(Illuminate/Http/Request))
#19 C:/Users/agusp/Desktop/Clase/TFG/F1Fantasy/backend/vendor/laravel/framework/src/Illuminate/Pipeline/Pipeline.php(209): Illuminate/Routing/Middleware/SubstituteBindings->handle(Object(Illuminate/Http/Request), Object(Closure))
#20 C:/Users/agusp/Desktop/Clase/TFG/F1Fantasy/backend/vendor/laravel/framework/src/Illuminate/Pipeline/Pipeline.php(127): Illuminate/Pipeline/Pipeline->{closure:{closure:Illuminate/Pipeline/Pipeline::carry():184}:185}(Object(Illuminate/Http/Request))
#21 C:/Users/agusp/Desktop/Clase/TFG/F1Fantasy/backend/vendor/laravel/framework/src/Illuminate/Routing/Router.php(807): Illuminate/Pipeline/Pipeline->then(Object(Closure))
#22 C:/Users/agusp/Desktop/Clase/TFG/F1Fantasy/backend/vendor/laravel/framework/src/Illuminate/Routing/Router.php(786): Illuminate/Routing/Router->runRouteWithinStack(Object(Illuminate/Routing/Route), Object(Illuminate/Http/Request))
#23 C:/Users/agusp/Desktop/Clase/TFG/F1Fantasy/backend/vendor/laravel/framework/src/Illuminate/Routing/Router.php(750): Illuminate/Routing/Router->runRoute(Object(Illuminate/Http/Request), Object(Illuminate/Routing/Route))
#24 C:/Users/agusp/Desktop/Clase/TFG/F1Fantasy/backend/vendor/laravel/framework/src/Illuminate/Routing/Router.php(739): Illuminate/Routing/Router->dispatchToRoute(Object(Illuminate/Http/Request))
#25 C:/Users/agusp/Desktop/Clase/TFG/F1Fantasy/backend/vendor/laravel/framework/src/Illuminate/Foundation/Http/Kernel.php(201): Illuminate/Routing/Router->dispatch(Object(Illuminate/Http/Request))
#26 C:/Users/agusp/Desktop/Clase/TFG/F1Fantasy/backend/vendor/laravel/framework/src/Illuminate/Pipeline/Pipeline.php(170): Illuminate/Foundation/Http/Kernel->{closure:Illuminate/Foundation/Http/Kernel::dispatchToRouter():198}(Object(Illuminate/Http/Request))
#27 C:/Users/agusp/Desktop/Clase/TFG/F1Fantasy/backend/vendor/laravel/framework/src/Illuminate/Foundation/Http/Middleware/TransformsRequest.php(21): Illuminate/Pipeline/Pipeline->{closure:Illuminate/Pipeline/Pipeline::prepareDestination():168}(Object(Illuminate/Http/Request))
#28 C:/Users/agusp/Desktop/Clase/TFG/F1Fantasy/backend/vendor/laravel/framework/src/Illuminate/Foundation/Http/Middleware/ConvertEmptyStringsToNull.php(31): Illuminate/Foundation/Http/Middleware/TransformsRequest->handle(Object(Illuminate/Http/Request), Object(Closure))
#29 C:/Users/agusp/Desktop/Clase/TFG/F1Fantasy/backend/vendor/laravel/framework/src/Illuminate/Pipeline/Pipeline.php(209): Illuminate/Foundation/Http/Middleware/ConvertEmptyStringsToNull->handle(Object(Illuminate/Http/Request), Object(Closure))
#30 C:/Users/agusp/Desktop/Clase/TFG/F1Fantasy/backend/vendor/laravel/framework/src/Illuminate/Foundation/Http/Middleware/TransformsRequest.php(21): Illuminate/Pipeline/Pipeline->{closure:{closure:Illuminate/Pipeline/Pipeline::carry():184}:185}(Object(Illuminate/Http/Request))
#31 C:/Users/agusp/Desktop/Clase/TFG/F1Fantasy/backend/vendor/laravel/framework/src/Illuminate/Foundation/Http/Middleware/TrimStrings.php(51): Illuminate/Foundation/Http/Middleware/TransformsRequest->handle(Object(Illuminate/Http/Request), Object(Closure))
#32 C:/Users/agusp/Desktop/Clase/TFG/F1Fantasy/backend/vendor/laravel/framework/src/Illuminate/Pipeline/Pipeline.php(209): Illuminate/Foundation/Http/Middleware/TrimStrings->handle(Object(Illuminate/Http/Request), Object(Closure))
#33 C:/Users/agusp/Desktop/Clase/TFG/F1Fantasy/backend/vendor/laravel/framework/src/Illuminate/Http/Middleware/ValidatePostSize.php(27): Illuminate/Pipeline/Pipeline->{closure:{closure:Illuminate/Pipeline/Pipeline::carry():184}:185}(Object(Illuminate/Http/Request))
#34 C:/Users/agusp/Desktop/Clase/TFG/F1Fantasy/backend/vendor/laravel/framework/src/Illuminate/Pipeline/Pipeline.php(209): Illuminate/Http/Middleware/ValidatePostSize->handle(Object(Illuminate/Http/Request), Object(Closure))
#35 C:/Users/agusp/Desktop/Clase/TFG/F1Fantasy/backend/vendor/laravel/framework/src/Illuminate/Foundation/Http/Middleware/PreventRequestsDuringMaintenance.php(110): Illuminate/Pipeline/Pipeline->{closure:{closure:Illuminate/Pipeline/Pipeline::carry():184}:185}(Object(Illuminate/Http/Request))
#36 C:/Users/agusp/Desktop/Clase/TFG/F1Fantasy/backend/vendor/laravel/framework/src/Illuminate/Pipeline/Pipeline.php(209): Illuminate/Foundation/Http/Middleware/PreventRequestsDuringMaintenance->handle(Object(Illuminate/Http/Request), Object(Closure))
#37 C:/Users/agusp/Desktop/Clase/TFG/F1Fantasy/backend/vendor/laravel/framework/src/Illuminate/Http/Middleware/HandleCors.php(62): Illuminate/Pipeline/Pipeline->{closure:{closure:Illuminate/Pipeline/Pipeline::carry():184}:185}(Object(Illuminate/Http/Request))
#38 C:/Users/agusp/Desktop/Clase/TFG/F1Fantasy/backend/vendor/laravel/framework/src/Illuminate/Pipeline/Pipeline.php(209): Illuminate/Http/Middleware/HandleCors->handle(Object(Illuminate/Http/Request), Object(Closure))
#39 C:/Users/agusp/Desktop/Clase/TFG/F1Fantasy/backend/vendor/laravel/framework/src/Illuminate/Http/Middleware/TrustProxies.php(58): Illuminate/Pipeline/Pipeline->{closure:{closure:Illuminate/Pipeline/Pipeline::carry():184}:185}(Object(Illuminate/Http/Request))
#40 C:/Users/agusp/Desktop/Clase/TFG/F1Fantasy/backend/vendor/laravel/framework/src/Illuminate/Pipeline/Pipeline.php(209): Illuminate/Http/Middleware/TrustProxies->handle(Object(Illuminate/Http/Request), Object(Closure))
#41 C:/Users/agusp/Desktop/Clase/TFG/F1Fantasy/backend/vendor/laravel/framework/src/Illuminate/Foundation/Http/Middleware/InvokeDeferredCallbacks.php(22): Illuminate/Pipeline/Pipeline->{closure:{closure:Illuminate/Pipeline/Pipeline::carry():184}:185}(Object(Illuminate/Http/Request))
#42 C:/Users/agusp/Desktop/Clase/TFG/F1Fantasy/backend/vendor/laravel/framework/src/Illuminate/Pipeline/Pipeline.php(209): Illuminate/Foundation/Http/Middleware/InvokeDeferredCallbacks->handle(Object(Illuminate/Http/Request), Object(Closure))
#43 C:/Users/agusp/Desktop/Clase/TFG/F1Fantasy/backend/vendor/laravel/framework/src/Illuminate/Pipeline/Pipeline.php(127): Illuminate/Pipeline/Pipeline->{closure:{closure:Illuminate/Pipeline/Pipeline::carry():184}:185}(Object(Illuminate/Http/Request))
#44 C:/Users/agusp/Desktop/Clase/TFG/F1Fantasy/backend/vendor/laravel/framework/src/Illuminate/Foundation/Http/Kernel.php(176): Illuminate/Pipeline/Pipeline->then(Object(Closure))
#45 C:/Users/agusp/Desktop/Clase/TFG/F1Fantasy/backend/vendor/laravel/framework/src/Illuminate/Foundation/Http/Kernel.php(145): Illuminate/Foundation/Http/Kernel->sendRequestThroughRouter(Object(Illuminate/Http/Request))
#46 C:/Users/agusp/Desktop/Clase/TFG/F1Fantasy/backend/vendor/laravel/framework/src/Illuminate/Foundation/Application.php(1220): Illuminate/Foundation/Http/Kernel->handle(Object(Illuminate/Http/Request))
#47 C:/Users/agusp/Desktop/Clase/TFG/F1Fantasy/backend/public/index.php(17): Illuminate/Foundation/Application->handleRequest(Object(Illuminate/Http/Request))
#48 C:/Users/agusp/Desktop/Clase/TFG/F1Fantasy/backend/vendor/laravel/framework/src/Illuminate/Foundation/resources/server.php(23): require_once('C://Users//agusp//...')
#49 {main}

[previous exception] [object] (PDOException(code: 42S02): SQLSTATE[42S02]: Base table or view not found: 1146 Table 'f1fantasy.personal_access_tokens' doesn't exist at C:/Users/agusp/Desktop/Clase/TFG/F1Fantasy/backend/vendor/laravel/framework/src/Illuminate/Database/MySqlConnection.php:47)
[stacktrace]
#0 C:/Users/agusp/Desktop/Clase/TFG/F1Fantasy/backend/vendor/laravel/framework/src/Illuminate/Database/MySqlConnection.php(47): PDO->prepare('insert into `pe...')
#1 C:/Users/agusp/Desktop/Clase/TFG/F1Fantasy/backend/vendor/laravel/framework/src/Illuminate/Database/Connection.php(812): Illuminate/Database/MySqlConnection->{closure:Illuminate/Database/MySqlConnection::insert():42}('insert into `pe...', Array)
#2 C:/Users/agusp/Desktop/Clase/TFG/F1Fantasy/backend/vendor/laravel/framework/src/Illuminate/Database/Connection.php(779): Illuminate/Database/Connection->runQueryCallback('insert into `pe...', Array, Object(Closure))
#3 C:/Users/agusp/Desktop/Clase/TFG/F1Fantasy/backend/vendor/laravel/framework/src/Illuminate/Database/MySqlConnection.php(42): Illuminate/Database/Connection->run('insert into `pe...', Array, Object(Closure))
#4 C:/Users/agusp/Desktop/Clase/TFG/F1Fantasy/backend/vendor/laravel/framework/src/Illuminate/Database/Query/Processors/MySqlProcessor.php(35): Illuminate/Database/MySqlConnection->insert('insert into `pe...', Array, 'id')
#5 C:/Users/agusp/Desktop/Clase/TFG/F1Fantasy/backend/vendor/laravel/framework/src/Illuminate/Database/Query/Builder.php(3766): Illuminate/Database/Query/Processors/MySqlProcessor->processInsertGetId(Object(Illuminate/Database/Query/Builder), 'insert into `pe...', Array, 'id')
#6 C:/Users/agusp/Desktop/Clase/TFG/F1Fantasy/backend/vendor/laravel/framework/src/Illuminate/Database/Eloquent/Builder.php(2120): Illuminate/Database/Query/Builder->insertGetId(Array, 'id')
#7 C:/Users/agusp/Desktop/Clase/TFG/F1Fantasy/backend/vendor/laravel/framework/src/Illuminate/Database/Eloquent/Model.php(1359): Illuminate/Database/Eloquent/Builder->__call('insertGetId', Array)
#8 C:/Users/agusp/Desktop/Clase/TFG/F1Fantasy/backend/vendor/laravel/framework/src/Illuminate/Database/Eloquent/Model.php(1324): Illuminate/Database/Eloquent/Model->insertAndSetId(Object(Illuminate/Database/Eloquent/Builder), Array)
#9 C:/Users/agusp/Desktop/Clase/TFG/F1Fantasy/backend/vendor/laravel/framework/src/Illuminate/Database/Eloquent/Model.php(1163): Illuminate/Database/Eloquent/Model->performInsert(Object(Illuminate/Database/Eloquent/Builder))
#10 C:/Users/agusp/Desktop/Clase/TFG/F1Fantasy/backend/vendor/laravel/framework/src/Illuminate/Database/Eloquent/Relations/HasOneOrMany.php(371): Illuminate/Database/Eloquent/Model->save()
#11 C:/Users/agusp/Desktop/Clase/TFG/F1Fantasy/backend/vendor/laravel/framework/src/Illuminate/Support/helpers.php(399): Illuminate/Database/Eloquent/Relations/HasOneOrMany->{closure:Illuminate/Database/Eloquent/Relations/HasOneOrMany::create():368}(Object(Laravel/Sanctum/PersonalAccessToken))
#12 C:/Users/agusp/Desktop/Clase/TFG/F1Fantasy/backend/vendor/laravel/framework/src/Illuminate/Database/Eloquent/Relations/HasOneOrMany.php(368): tap(Object(Laravel/Sanctum/PersonalAccessToken), Object(Closure))
#13 C:/Users/agusp/Desktop/Clase/TFG/F1Fantasy/backend/vendor/laravel/sanctum/src/HasApiTokens.php(64): Illuminate/Database/Eloquent/Relations/HasOneOrMany->create(Array)
#14 C:/Users/agusp/Desktop/Clase/TFG/F1Fantasy/backend/app/Http/Controllers/Api/AuthController.php(54): App/Models/User->createToken('auth_token')
#15 C:/Users/agusp/Desktop/Clase/TFG/F1Fantasy/backend/vendor/laravel/framework/src/Illuminate/Routing/ControllerDispatcher.php(47): App/Http/Controllers/Api/AuthController->login(Object(Illuminate/Http/Request))
#16 C:/Users/agusp/Desktop/Clase/TFG/F1Fantasy/backend/vendor/laravel/framework/src/Illuminate/Routing/Route.php(266): Illuminate/Routing/ControllerDispatcher->dispatch(Object(Illuminate/Routing/Route), Object(App/Http/Controllers/Api/AuthController), 'login')
#17 C:/Users/agusp/Desktop/Clase/TFG/F1Fantasy/backend/vendor/laravel/framework/src/Illuminate/Routing/Route.php(212): Illuminate/Routing/Route->runController()
#18 C:/Users/agusp/Desktop/Clase/TFG/F1Fantasy/backend/vendor/laravel/framework/src/Illuminate/Routing/Router.php(808): Illuminate/Routing/Route->run()
#19 C:/Users/agusp/Desktop/Clase/TFG/F1Fantasy/backend/vendor/laravel/framework/src/Illuminate/Pipeline/Pipeline.php(170): Illuminate/Routing/Router->{closure:Illuminate/Routing/Router::runRouteWithinStack():807}(Object(Illuminate/Http/Request))
#20 C:/Users/agusp/Desktop/Clase/TFG/F1Fantasy/backend/vendor/laravel/framework/src/Illuminate/Routing/Middleware/SubstituteBindings.php(51): Illuminate/Pipeline/Pipeline->{closure:Illuminate/Pipeline/Pipeline::prepareDestination():168}(Object(Illuminate/Http/Request))
#21 C:/Users/agusp/Desktop/Clase/TFG/F1Fantasy/backend/vendor/laravel/framework/src/Illuminate/Pipeline/Pipeline.php(209): Illuminate/Routing/Middleware/SubstituteBindings->handle(Object(Illuminate/Http/Request), Object(Closure))
#22 C:/Users/agusp/Desktop/Clase/TFG/F1Fantasy/backend/vendor/laravel/framework/src/Illuminate/Pipeline/Pipeline.php(127): Illuminate/Pipeline/Pipeline->{closure:{closure:Illuminate/Pipeline/Pipeline::carry():184}:185}(Object(Illuminate/Http/Request))
#23 C:/Users/agusp/Desktop/Clase/TFG/F1Fantasy/backend/vendor/laravel/framework/src/Illuminate/Routing/Router.php(807): Illuminate/Pipeline/Pipeline->then(Object(Closure))
#24 C:/Users/agusp/Desktop/Clase/TFG/F1Fantasy/backend/vendor/laravel/framework/src/Illuminate/Routing/Router.php(786): Illuminate/Routing/Router->runRouteWithinStack(Object(Illuminate/Routing/Route), Object(Illuminate/Http/Request))
#25 C:/Users/agusp/Desktop/Clase/TFG/F1Fantasy/backend/vendor/laravel/framework/src/Illuminate/Routing/Router.php(750): Illuminate/Routing/Router->runRoute(Object(Illuminate/Http/Request), Object(Illuminate/Routing/Route))
#26 C:/Users/agusp/Desktop/Clase/TFG/F1Fantasy/backend/vendor/laravel/framework/src/Illuminate/Routing/Router.php(739): Illuminate/Routing/Router->dispatchToRoute(Object(Illuminate/Http/Request))
#27 C:/Users/agusp/Desktop/Clase/TFG/F1Fantasy/backend/vendor/laravel/framework/src/Illuminate/Foundation/Http/Kernel.php(201): Illuminate/Routing/Router->dispatch(Object(Illuminate/Http/Request))
#28 C:/Users/agusp/Desktop/Clase/TFG/F1Fantasy/backend/vendor/laravel/framework/src/Illuminate/Pipeline/Pipeline.php(170): Illuminate/Foundation/Http/Kernel->{closure:Illuminate/Foundation/Http/Kernel::dispatchToRouter():198}(Object(Illuminate/Http/Request))
#29 C:/Users/agusp/Desktop/Clase/TFG/F1Fantasy/backend/vendor/laravel/framework/src/Illuminate/Foundation/Http/Middleware/TransformsRequest.php(21): Illuminate/Pipeline/Pipeline->{closure:Illuminate/Pipeline/Pipeline::prepareDestination():168}(Object(Illuminate/Http/Request))
#30 C:/Users/agusp/Desktop/Clase/TFG/F1Fantasy/backend/vendor/laravel/framework/src/Illuminate/Foundation/Http/Middleware/ConvertEmptyStringsToNull.php(31): Illuminate/Foundation/Http/Middleware/TransformsRequest->handle(Object(Illuminate/Http/Request), Object(Closure))
#31 C:/Users/agusp/Desktop/Clase/TFG/F1Fantasy/backend/vendor/laravel/framework/src/Illuminate/Pipeline/Pipeline.php(209): Illuminate/Foundation/Http/Middleware/ConvertEmptyStringsToNull->handle(Object(Illuminate/Http/Request), Object(Closure))
#32 C:/Users/agusp/Desktop/Clase/TFG/F1Fantasy/backend/vendor/laravel/framework/src/Illuminate/Foundation/Http/Middleware/TransformsRequest.php(21): Illuminate/Pipeline/Pipeline->{closure:{closure:Illuminate/Pipeline/Pipeline::carry():184}:185}(Object(Illuminate/Http/Request))
#33 C:/Users/agusp/Desktop/Clase/TFG/F1Fantasy/backend/vendor/laravel/framework/src/Illuminate/Foundation/Http/Middleware/TrimStrings.php(51): Illuminate/Foundation/Http/Middleware/TransformsRequest->handle(Object(Illuminate/Http/Request), Object(Closure))
#34 C:/Users/agusp/Desktop/Clase/TFG/F1Fantasy/backend/vendor/laravel/framework/src/Illuminate/Pipeline/Pipeline.php(209): Illuminate/Foundation/Http/Middleware/TrimStrings->handle(Object(Illuminate/Http/Request), Object(Closure))
#35 C:/Users/agusp/Desktop/Clase/TFG/F1Fantasy/backend/vendor/laravel/framework/src/Illuminate/Http/Middleware/ValidatePostSize.php(27): Illuminate/Pipeline/Pipeline->{closure:{closure:Illuminate/Pipeline/Pipeline::carry():184}:185}(Object(Illuminate/Http/Request))
#36 C:/Users/agusp/Desktop/Clase/TFG/F1Fantasy/backend/vendor/laravel/framework/src/Illuminate/Pipeline/Pipeline.php(209): Illuminate/Http/Middleware/ValidatePostSize->handle(Object(Illuminate/Http/Request), Object(Closure))
#37 C:/Users/agusp/Desktop/Clase/TFG/F1Fantasy/backend/vendor/laravel/framework/src/Illuminate/Foundation/Http/Middleware/PreventRequestsDuringMaintenance.php(110): Illuminate/Pipeline/Pipeline->{closure:{closure:Illuminate/Pipeline/Pipeline::carry():184}:185}(Object(Illuminate/Http/Request))
#38 C:/Users/agusp/Desktop/Clase/TFG/F1Fantasy/backend/vendor/laravel/framework/src/Illuminate/Pipeline/Pipeline.php(209): Illuminate/Foundation/Http/Middleware/PreventRequestsDuringMaintenance->handle(Object(Illuminate/Http/Request), Object(Closure))
#39 C:/Users/agusp/Desktop/Clase/TFG/F1Fantasy/backend/vendor/laravel/framework/src/Illuminate/Http/Middleware/HandleCors.php(62): Illuminate/Pipeline/Pipeline->{closure:{closure:Illuminate/Pipeline/Pipeline::carry():184}:185}(Object(Illuminate/Http/Request))
#40 C:/Users/agusp/Desktop/Clase/TFG/F1Fantasy/backend/vendor/laravel/framework/src/Illuminate/Pipeline/Pipeline.php(209): Illuminate/Http/Middleware/HandleCors->handle(Object(Illuminate/Http/Request), Object(Closure))
#41 C:/Users/agusp/Desktop/Clase/TFG/F1Fantasy/backend/vendor/laravel/framework/src/Illuminate/Http/Middleware/TrustProxies.php(58): Illuminate/Pipeline/Pipeline->{closure:{closure:Illuminate/Pipeline/Pipeline::carry():184}:185}(Object(Illuminate/Http/Request))
#42 C:/Users/agusp/Desktop/Clase/TFG/F1Fantasy/backend/vendor/laravel/framework/src/Illuminate/Pipeline/Pipeline.php(209): Illuminate/Http/Middleware/TrustProxies->handle(Object(Illuminate/Http/Request), Object(Closure))
#43 C:/Users/agusp/Desktop/Clase/TFG/F1Fantasy/backend/vendor/laravel/framework/src/Illuminate/Foundation/Http/Middleware/InvokeDeferredCallbacks.php(22): Illuminate/Pipeline/Pipeline->{closure:{closure:Illuminate/Pipeline/Pipeline::carry():184}:185}(Object(Illuminate/Http/Request))
#44 C:/Users/agusp/Desktop/Clase/TFG/F1Fantasy/backend/vendor/laravel/framework/src/Illuminate/Pipeline/Pipeline.php(209): Illuminate/Foundation/Http/Middleware/InvokeDeferredCallbacks->handle(Object(Illuminate/Http/Request), Object(Closure))
#45 C:/Users/agusp/Desktop/Clase/TFG/F1Fantasy/backend/vendor/laravel/framework/src/Illuminate/Pipeline/Pipeline.php(127): Illuminate/Pipeline/Pipeline->{closure:{closure:Illuminate/Pipeline/Pipeline::carry():184}:185}(Object(Illuminate/Http/Request))
#46 C:/Users/agusp/Desktop/Clase/TFG/F1Fantasy/backend/vendor/laravel/framework/src/Illuminate/Foundation/Http/Kernel.php(176): Illuminate/Pipeline/Pipeline->then(Object(Closure))
#47 C:/Users/agusp/Desktop/Clase/TFG/F1Fantasy/backend/vendor/laravel/framework/src/Illuminate/Foundation/Http/Kernel.php(145): Illuminate/Foundation/Http/Kernel->sendRequestThroughRouter(Object(Illuminate/Http/Request))
#48 C:/Users/agusp/Desktop/Clase/TFG/F1Fantasy/backend/vendor/laravel/framework/src/Illuminate/Foundation/Application.php(1220): Illuminate/Foundation/Http/Kernel->handle(Object(Illuminate/Http/Request))
#49 C:/Users/agusp/Desktop/Clase/TFG/F1Fantasy/backend/public/index.php(17): Illuminate/Foundation/Application->handleRequest(Object(Illuminate/Http/Request))
#50 C:/Users/agusp/Desktop/Clase/TFG/F1Fantasy/backend/vendor/laravel/framework/src/Illuminate/Foundation/resources/server.php(23): require_once('C://Users//agusp//...')
#51 {main}
"} 
[2026-04-23 20:30:11] local.ERROR: SQLSTATE[42S02]: Base table or view not found: 1146 Table 'f1fantasy.personal_access_tokens' doesn't exist (Connection: mysql, SQL: insert into `personal_access_tokens` (`name`, `token`, `abilities`, `expires_at`, `tokenable_id`, `tokenable_type`, `updated_at`, `created_at`) values (auth_token, edbbedf4f11b7456875d7eb553ec562c81b58a48cd58915c78f279aea3ca01ba, ["*"], ?, 1, App\Models\User, 2026-04-23 20:30:11, 2026-04-23 20:30:11)) {"userId":1,"exception":"[object] (Illuminate\\Database\\QueryException(code: 42S02): SQLSTATE[42S02]: Base table or view not found: 1146 Table 'f1fantasy.personal_access_tokens' doesn't exist (Connection: mysql, SQL: insert into `personal_access_tokens` (`name`, `token`, `abilities`, `expires_at`, `tokenable_id`, `tokenable_type`, `updated_at`, `created_at`) values (auth_token, edbbedf4f11b7456875d7eb553ec562c81b58a48cd58915c78f279aea3ca01ba, [\"*\"], ?, 1, App\\Models\\User, 2026-04-23 20:30:11, 2026-04-23 20:30:11)) at C:/Users/agusp/Desktop/Clase/TFG/F1Fantasy/backend/vendor/laravel/framework/src/Illuminate/Database/Connection.php:825)
[stacktrace]
#0 C:/Users/agusp/Desktop/Clase/TFG/F1Fantasy/backend/vendor/laravel/framework/src/Illuminate/Database/Connection.php(779): Illuminate/Database/Connection->runQueryCallback('insert into `pe...', Array, Object(Closure))
#1 C:/Users/agusp/Desktop/Clase/TFG/F1Fantasy/backend/vendor/laravel/framework/src/Illuminate/Database/MySqlConnection.php(42): Illuminate/Database/Connection->run('insert into `pe...', Array, Object(Closure))
#2 C:/Users/agusp/Desktop/Clase/TFG/F1Fantasy/backend/vendor/laravel/framework/src/Illuminate/Database/Query/Processors/MySqlProcessor.php(35): Illuminate/Database/MySqlConnection->insert('insert into `pe...', Array, 'id')
#3 C:/Users/agusp/Desktop/Clase/TFG/F1Fantasy/backend/vendor/laravel/framework/src/Illuminate/Database/Query/Builder.php(3766): Illuminate/Database/Query/Processors/MySqlProcessor->processInsertGetId(Object(Illuminate/Database/Query/Builder), 'insert into `pe...', Array, 'id')
#4 C:/Users/agusp/Desktop/Clase/TFG/F1Fantasy/backend/vendor/laravel/framework/src/Illuminate/Database/Eloquent/Builder.php(2120): Illuminate/Database/Query/Builder->insertGetId(Array, 'id')
#5 C:/Users/agusp/Desktop/Clase/TFG/F1Fantasy/backend/vendor/laravel/framework/src/Illuminate/Database/Eloquent/Model.php(1359): Illuminate/Database/Eloquent/Builder->__call('insertGetId', Array)
#6 C:/Users/agusp/Desktop/Clase/TFG/F1Fantasy/backend/vendor/laravel/framework/src/Illuminate/Database/Eloquent/Model.php(1324): Illuminate/Database/Eloquent/Model->insertAndSetId(Object(Illuminate/Database/Eloquent/Builder), Array)
#7 C:/Users/agusp/Desktop/Clase/TFG/F1Fantasy/backend/vendor/laravel/framework/src/Illuminate/Database/Eloquent/Model.php(1163): Illuminate/Database/Eloquent/Model->performInsert(Object(Illuminate/Database/Eloquent/Builder))
#8 C:/Users/agusp/Desktop/Clase/TFG/F1Fantasy/backend/vendor/laravel/framework/src/Illuminate/Database/Eloquent/Relations/HasOneOrMany.php(371): Illuminate/Database/Eloquent/Model->save()
#9 C:/Users/agusp/Desktop/Clase/TFG/F1Fantasy/backend/vendor/laravel/framework/src/Illuminate/Support/helpers.php(399): Illuminate/Database/Eloquent/Relations/HasOneOrMany->{closure:Illuminate/Database/Eloquent/Relations/HasOneOrMany::create():368}(Object(Laravel/Sanctum/PersonalAccessToken))
#10 C:/Users/agusp/Desktop/Clase/TFG/F1Fantasy/backend/vendor/laravel/framework/src/Illuminate/Database/Eloquent/Relations/HasOneOrMany.php(368): tap(Object(Laravel/Sanctum/PersonalAccessToken), Object(Closure))
#11 C:/Users/agusp/Desktop/Clase/TFG/F1Fantasy/backend/vendor/laravel/sanctum/src/HasApiTokens.php(64): Illuminate/Database/Eloquent/Relations/HasOneOrMany->create(Array)
#12 C:/Users/agusp/Desktop/Clase/TFG/F1Fantasy/backend/app/Http/Controllers/Api/AuthController.php(54): App/Models/User->createToken('auth_token')
#13 C:/Users/agusp/Desktop/Clase/TFG/F1Fantasy/backend/vendor/laravel/framework/src/Illuminate/Routing/ControllerDispatcher.php(47): App/Http/Controllers/Api/AuthController->login(Object(Illuminate/Http/Request))
#14 C:/Users/agusp/Desktop/Clase/TFG/F1Fantasy/backend/vendor/laravel/framework/src/Illuminate/Routing/Route.php(266): Illuminate/Routing/ControllerDispatcher->dispatch(Object(Illuminate/Routing/Route), Object(App/Http/Controllers/Api/AuthController), 'login')
#15 C:/Users/agusp/Desktop/Clase/TFG/F1Fantasy/backend/vendor/laravel/framework/src/Illuminate/Routing/Route.php(212): Illuminate/Routing/Route->runController()
#16 C:/Users/agusp/Desktop/Clase/TFG/F1Fantasy/backend/vendor/laravel/framework/src/Illuminate/Routing/Router.php(808): Illuminate/Routing/Route->run()
#17 C:/Users/agusp/Desktop/Clase/TFG/F1Fantasy/backend/vendor/laravel/framework/src/Illuminate/Pipeline/Pipeline.php(170): Illuminate/Routing/Router->{closure:Illuminate/Routing/Router::runRouteWithinStack():807}(Object(Illuminate/Http/Request))
#18 C:/Users/agusp/Desktop/Clase/TFG/F1Fantasy/backend/vendor/laravel/framework/src/Illuminate/Routing/Middleware/SubstituteBindings.php(51): Illuminate/Pipeline/Pipeline->{closure:Illuminate/Pipeline/Pipeline::prepareDestination():168}(Object(Illuminate/Http/Request))
#19 C:/Users/agusp/Desktop/Clase/TFG/F1Fantasy/backend/vendor/laravel/framework/src/Illuminate/Pipeline/Pipeline.php(209): Illuminate/Routing/Middleware/SubstituteBindings->handle(Object(Illuminate/Http/Request), Object(Closure))
#20 C:/Users/agusp/Desktop/Clase/TFG/F1Fantasy/backend/vendor/laravel/framework/src/Illuminate/Pipeline/Pipeline.php(127): Illuminate/Pipeline/Pipeline->{closure:{closure:Illuminate/Pipeline/Pipeline::carry():184}:185}(Object(Illuminate/Http/Request))
#21 C:/Users/agusp/Desktop/Clase/TFG/F1Fantasy/backend/vendor/laravel/framework/src/Illuminate/Routing/Router.php(807): Illuminate/Pipeline/Pipeline->then(Object(Closure))
#22 C:/Users/agusp/Desktop/Clase/TFG/F1Fantasy/backend/vendor/laravel/framework/src/Illuminate/Routing/Router.php(786): Illuminate/Routing/Router->runRouteWithinStack(Object(Illuminate/Routing/Route), Object(Illuminate/Http/Request))
#23 C:/Users/agusp/Desktop/Clase/TFG/F1Fantasy/backend/vendor/laravel/framework/src/Illuminate/Routing/Router.php(750): Illuminate/Routing/Router->runRoute(Object(Illuminate/Http/Request), Object(Illuminate/Routing/Route))
#24 C:/Users/agusp/Desktop/Clase/TFG/F1Fantasy/backend/vendor/laravel/framework/src/Illuminate/Routing/Router.php(739): Illuminate/Routing/Router->dispatchToRoute(Object(Illuminate/Http/Request))
#25 C:/Users/agusp/Desktop/Clase/TFG/F1Fantasy/backend/vendor/laravel/framework/src/Illuminate/Foundation/Http/Kernel.php(201): Illuminate/Routing/Router->dispatch(Object(Illuminate/Http/Request))
#26 C:/Users/agusp/Desktop/Clase/TFG/F1Fantasy/backend/vendor/laravel/framework/src/Illuminate/Pipeline/Pipeline.php(170): Illuminate/Foundation/Http/Kernel->{closure:Illuminate/Foundation/Http/Kernel::dispatchToRouter():198}(Object(Illuminate/Http/Request))
#27 C:/Users/agusp/Desktop/Clase/TFG/F1Fantasy/backend/vendor/laravel/framework/src/Illuminate/Foundation/Http/Middleware/TransformsRequest.php(21): Illuminate/Pipeline/Pipeline->{closure:Illuminate/Pipeline/Pipeline::prepareDestination():168}(Object(Illuminate/Http/Request))
#28 C:/Users/agusp/Desktop/Clase/TFG/F1Fantasy/backend/vendor/laravel/framework/src/Illuminate/Foundation/Http/Middleware/ConvertEmptyStringsToNull.php(31): Illuminate/Foundation/Http/Middleware/TransformsRequest->handle(Object(Illuminate/Http/Request), Object(Closure))
#29 C:/Users/agusp/Desktop/Clase/TFG/F1Fantasy/backend/vendor/laravel/framework/src/Illuminate/Pipeline/Pipeline.php(209): Illuminate/Foundation/Http/Middleware/ConvertEmptyStringsToNull->handle(Object(Illuminate/Http/Request), Object(Closure))
#30 C:/Users/agusp/Desktop/Clase/TFG/F1Fantasy/backend/vendor/laravel/framework/src/Illuminate/Foundation/Http/Middleware/TransformsRequest.php(21): Illuminate/Pipeline/Pipeline->{closure:{closure:Illuminate/Pipeline/Pipeline::carry():184}:185}(Object(Illuminate/Http/Request))
#31 C:/Users/agusp/Desktop/Clase/TFG/F1Fantasy/backend/vendor/laravel/framework/src/Illuminate/Foundation/Http/Middleware/TrimStrings.php(51): Illuminate/Foundation/Http/Middleware/TransformsRequest->handle(Object(Illuminate/Http/Request), Object(Closure))
#32 C:/Users/agusp/Desktop/Clase/TFG/F1Fantasy/backend/vendor/laravel/framework/src/Illuminate/Pipeline/Pipeline.php(209): Illuminate/Foundation/Http/Middleware/TrimStrings->handle(Object(Illuminate/Http/Request), Object(Closure))
#33 C:/Users/agusp/Desktop/Clase/TFG/F1Fantasy/backend/vendor/laravel/framework/src/Illuminate/Http/Middleware/ValidatePostSize.php(27): Illuminate/Pipeline/Pipeline->{closure:{closure:Illuminate/Pipeline/Pipeline::carry():184}:185}(Object(Illuminate/Http/Request))
#34 C:/Users/agusp/Desktop/Clase/TFG/F1Fantasy/backend/vendor/laravel/framework/src/Illuminate/Pipeline/Pipeline.php(209): Illuminate/Http/Middleware/ValidatePostSize->handle(Object(Illuminate/Http/Request), Object(Closure))
#35 C:/Users/agusp/Desktop/Clase/TFG/F1Fantasy/backend/vendor/laravel/framework/src/Illuminate/Foundation/Http/Middleware/PreventRequestsDuringMaintenance.php(110): Illuminate/Pipeline/Pipeline->{closure:{closure:Illuminate/Pipeline/Pipeline::carry():184}:185}(Object(Illuminate/Http/Request))
#36 C:/Users/agusp/Desktop/Clase/TFG/F1Fantasy/backend/vendor/laravel/framework/src/Illuminate/Pipeline/Pipeline.php(209): Illuminate/Foundation/Http/Middleware/PreventRequestsDuringMaintenance->handle(Object(Illuminate/Http/Request), Object(Closure))
#37 C:/Users/agusp/Desktop/Clase/TFG/F1Fantasy/backend/vendor/laravel/framework/src/Illuminate/Http/Middleware/HandleCors.php(62): Illuminate/Pipeline/Pipeline->{closure:{closure:Illuminate/Pipeline/Pipeline::carry():184}:185}(Object(Illuminate/Http/Request))
#38 C:/Users/agusp/Desktop/Clase/TFG/F1Fantasy/backend/vendor/laravel/framework/src/Illuminate/Pipeline/Pipeline.php(209): Illuminate/Http/Middleware/HandleCors->handle(Object(Illuminate/Http/Request), Object(Closure))
#39 C:/Users/agusp/Desktop/Clase/TFG/F1Fantasy/backend/vendor/laravel/framework/src/Illuminate/Http/Middleware/TrustProxies.php(58): Illuminate/Pipeline/Pipeline->{closure:{closure:Illuminate/Pipeline/Pipeline::carry():184}:185}(Object(Illuminate/Http/Request))
#40 C:/Users/agusp/Desktop/Clase/TFG/F1Fantasy/backend/vendor/laravel/framework/src/Illuminate/Pipeline/Pipeline.php(209): Illuminate/Http/Middleware/TrustProxies->handle(Object(Illuminate/Http/Request), Object(Closure))
#41 C:/Users/agusp/Desktop/Clase/TFG/F1Fantasy/backend/vendor/laravel/framework/src/Illuminate/Foundation/Http/Middleware/InvokeDeferredCallbacks.php(22): Illuminate/Pipeline/Pipeline->{closure:{closure:Illuminate/Pipeline/Pipeline::carry():184}:185}(Object(Illuminate/Http/Request))
#42 C:/Users/agusp/Desktop/Clase/TFG/F1Fantasy/backend/vendor/laravel/framework/src/Illuminate/Pipeline/Pipeline.php(209): Illuminate/Foundation/Http/Middleware/InvokeDeferredCallbacks->handle(Object(Illuminate/Http/Request), Object(Closure))
#43 C:/Users/agusp/Desktop/Clase/TFG/F1Fantasy/backend/vendor/laravel/framework/src/Illuminate/Pipeline/Pipeline.php(127): Illuminate/Pipeline/Pipeline->{closure:{closure:Illuminate/Pipeline/Pipeline::carry():184}:185}(Object(Illuminate/Http/Request))
#44 C:/Users/agusp/Desktop/Clase/TFG/F1Fantasy/backend/vendor/laravel/framework/src/Illuminate/Foundation/Http/Kernel.php(176): Illuminate/Pipeline/Pipeline->then(Object(Closure))
#45 C:/Users/agusp/Desktop/Clase/TFG/F1Fantasy/backend/vendor/laravel/framework/src/Illuminate/Foundation/Http/Kernel.php(145): Illuminate/Foundation/Http/Kernel->sendRequestThroughRouter(Object(Illuminate/Http/Request))
#46 C:/Users/agusp/Desktop/Clase/TFG/F1Fantasy/backend/vendor/laravel/framework/src/Illuminate/Foundation/Application.php(1220): Illuminate/Foundation/Http/Kernel->handle(Object(Illuminate/Http/Request))
#47 C:/Users/agusp/Desktop/Clase/TFG/F1Fantasy/backend/public/index.php(17): Illuminate/Foundation/Application->handleRequest(Object(Illuminate/Http/Request))
#48 C:/Users/agusp/Desktop/Clase/TFG/F1Fantasy/backend/vendor/laravel/framework/src/Illuminate/Foundation/resources/server.php(23): require_once('C://Users//agusp//...')
#49 {main}

[previous exception] [object] (PDOException(code: 42S02): SQLSTATE[42S02]: Base table or view not found: 1146 Table 'f1fantasy.personal_access_tokens' doesn't exist at C:/Users/agusp/Desktop/Clase/TFG/F1Fantasy/backend/vendor/laravel/framework/src/Illuminate/Database/MySqlConnection.php:47)
[stacktrace]
#0 C:/Users/agusp/Desktop/Clase/TFG/F1Fantasy/backend/vendor/laravel/framework/src/Illuminate/Database/MySqlConnection.php(47): PDO->prepare('insert into `pe...')
#1 C:/Users/agusp/Desktop/Clase/TFG/F1Fantasy/backend/vendor/laravel/framework/src/Illuminate/Database/Connection.php(812): Illuminate/Database/MySqlConnection->{closure:Illuminate/Database/MySqlConnection::insert():42}('insert into `pe...', Array)
#2 C:/Users/agusp/Desktop/Clase/TFG/F1Fantasy/backend/vendor/laravel/framework/src/Illuminate/Database/Connection.php(779): Illuminate/Database/Connection->runQueryCallback('insert into `pe...', Array, Object(Closure))
#3 C:/Users/agusp/Desktop/Clase/TFG/F1Fantasy/backend/vendor/laravel/framework/src/Illuminate/Database/MySqlConnection.php(42): Illuminate/Database/Connection->run('insert into `pe...', Array, Object(Closure))
#4 C:/Users/agusp/Desktop/Clase/TFG/F1Fantasy/backend/vendor/laravel/framework/src/Illuminate/Database/Query/Processors/MySqlProcessor.php(35): Illuminate/Database/MySqlConnection->insert('insert into `pe...', Array, 'id')
#5 C:/Users/agusp/Desktop/Clase/TFG/F1Fantasy/backend/vendor/laravel/framework/src/Illuminate/Database/Query/Builder.php(3766): Illuminate/Database/Query/Processors/MySqlProcessor->processInsertGetId(Object(Illuminate/Database/Query/Builder), 'insert into `pe...', Array, 'id')
#6 C:/Users/agusp/Desktop/Clase/TFG/F1Fantasy/backend/vendor/laravel/framework/src/Illuminate/Database/Eloquent/Builder.php(2120): Illuminate/Database/Query/Builder->insertGetId(Array, 'id')
#7 C:/Users/agusp/Desktop/Clase/TFG/F1Fantasy/backend/vendor/laravel/framework/src/Illuminate/Database/Eloquent/Model.php(1359): Illuminate/Database/Eloquent/Builder->__call('insertGetId', Array)
#8 C:/Users/agusp/Desktop/Clase/TFG/F1Fantasy/backend/vendor/laravel/framework/src/Illuminate/Database/Eloquent/Model.php(1324): Illuminate/Database/Eloquent/Model->insertAndSetId(Object(Illuminate/Database/Eloquent/Builder), Array)
#9 C:/Users/agusp/Desktop/Clase/TFG/F1Fantasy/backend/vendor/laravel/framework/src/Illuminate/Database/Eloquent/Model.php(1163): Illuminate/Database/Eloquent/Model->performInsert(Object(Illuminate/Database/Eloquent/Builder))
#10 C:/Users/agusp/Desktop/Clase/TFG/F1Fantasy/backend/vendor/laravel/framework/src/Illuminate/Database/Eloquent/Relations/HasOneOrMany.php(371): Illuminate/Database/Eloquent/Model->save()
#11 C:/Users/agusp/Desktop/Clase/TFG/F1Fantasy/backend/vendor/laravel/framework/src/Illuminate/Support/helpers.php(399): Illuminate/Database/Eloquent/Relations/HasOneOrMany->{closure:Illuminate/Database/Eloquent/Relations/HasOneOrMany::create():368}(Object(Laravel/Sanctum/PersonalAccessToken))
#12 C:/Users/agusp/Desktop/Clase/TFG/F1Fantasy/backend/vendor/laravel/framework/src/Illuminate/Database/Eloquent/Relations/HasOneOrMany.php(368): tap(Object(Laravel/Sanctum/PersonalAccessToken), Object(Closure))
#13 C:/Users/agusp/Desktop/Clase/TFG/F1Fantasy/backend/vendor/laravel/sanctum/src/HasApiTokens.php(64): Illuminate/Database/Eloquent/Relations/HasOneOrMany->create(Array)
#14 C:/Users/agusp/Desktop/Clase/TFG/F1Fantasy/backend/app/Http/Controllers/Api/AuthController.php(54): App/Models/User->createToken('auth_token')
#15 C:/Users/agusp/Desktop/Clase/TFG/F1Fantasy/backend/vendor/laravel/framework/src/Illuminate/Routing/ControllerDispatcher.php(47): App/Http/Controllers/Api/AuthController->login(Object(Illuminate/Http/Request))
#16 C:/Users/agusp/Desktop/Clase/TFG/F1Fantasy/backend/vendor/laravel/framework/src/Illuminate/Routing/Route.php(266): Illuminate/Routing/ControllerDispatcher->dispatch(Object(Illuminate/Routing/Route), Object(App/Http/Controllers/Api/AuthController), 'login')
#17 C:/Users/agusp/Desktop/Clase/TFG/F1Fantasy/backend/vendor/laravel/framework/src/Illuminate/Routing/Route.php(212): Illuminate/Routing/Route->runController()
#18 C:/Users/agusp/Desktop/Clase/TFG/F1Fantasy/backend/vendor/laravel/framework/src/Illuminate/Routing/Router.php(808): Illuminate/Routing/Route->run()
#19 C:/Users/agusp/Desktop/Clase/TFG/F1Fantasy/backend/vendor/laravel/framework/src/Illuminate/Pipeline/Pipeline.php(170): Illuminate/Routing/Router->{closure:Illuminate/Routing/Router::runRouteWithinStack():807}(Object(Illuminate/Http/Request))
#20 C:/Users/agusp/Desktop/Clase/TFG/F1Fantasy/backend/vendor/laravel/framework/src/Illuminate/Routing/Middleware/SubstituteBindings.php(51): Illuminate/Pipeline/Pipeline->{closure:Illuminate/Pipeline/Pipeline::prepareDestination():168}(Object(Illuminate/Http/Request))
#21 C:/Users/agusp/Desktop/Clase/TFG/F1Fantasy/backend/vendor/laravel/framework/src/Illuminate/Pipeline/Pipeline.php(209): Illuminate/Routing/Middleware/SubstituteBindings->handle(Object(Illuminate/Http/Request), Object(Closure))
#22 C:/Users/agusp/Desktop/Clase/TFG/F1Fantasy/backend/vendor/laravel/framework/src/Illuminate/Pipeline/Pipeline.php(127): Illuminate/Pipeline/Pipeline->{closure:{closure:Illuminate/Pipeline/Pipeline::carry():184}:185}(Object(Illuminate/Http/Request))
#23 C:/Users/agusp/Desktop/Clase/TFG/F1Fantasy/backend/vendor/laravel/framework/src/Illuminate/Routing/Router.php(807): Illuminate/Pipeline/Pipeline->then(Object(Closure))
#24 C:/Users/agusp/Desktop/Clase/TFG/F1Fantasy/backend/vendor/laravel/framework/src/Illuminate/Routing/Router.php(786): Illuminate/Routing/Router->runRouteWithinStack(Object(Illuminate/Routing/Route), Object(Illuminate/Http/Request))
#25 C:/Users/agusp/Desktop/Clase/TFG/F1Fantasy/backend/vendor/laravel/framework/src/Illuminate/Routing/Router.php(750): Illuminate/Routing/Router->runRoute(Object(Illuminate/Http/Request), Object(Illuminate/Routing/Route))
#26 C:/Users/agusp/Desktop/Clase/TFG/F1Fantasy/backend/vendor/laravel/framework/src/Illuminate/Routing/Router.php(739): Illuminate/Routing/Router->dispatchToRoute(Object(Illuminate/Http/Request))
#27 C:/Users/agusp/Desktop/Clase/TFG/F1Fantasy/backend/vendor/laravel/framework/src/Illuminate/Foundation/Http/Kernel.php(201): Illuminate/Routing/Router->dispatch(Object(Illuminate/Http/Request))
#28 C:/Users/agusp/Desktop/Clase/TFG/F1Fantasy/backend/vendor/laravel/framework/src/Illuminate/Pipeline/Pipeline.php(170): Illuminate/Foundation/Http/Kernel->{closure:Illuminate/Foundation/Http/Kernel::dispatchToRouter():198}(Object(Illuminate/Http/Request))
#29 C:/Users/agusp/Desktop/Clase/TFG/F1Fantasy/backend/vendor/laravel/framework/src/Illuminate/Foundation/Http/Middleware/TransformsRequest.php(21): Illuminate/Pipeline/Pipeline->{closure:Illuminate/Pipeline/Pipeline::prepareDestination():168}(Object(Illuminate/Http/Request))
#30 C:/Users/agusp/Desktop/Clase/TFG/F1Fantasy/backend/vendor/laravel/framework/src/Illuminate/Foundation/Http/Middleware/ConvertEmptyStringsToNull.php(31): Illuminate/Foundation/Http/Middleware/TransformsRequest->handle(Object(Illuminate/Http/Request), Object(Closure))
#31 C:/Users/agusp/Desktop/Clase/TFG/F1Fantasy/backend/vendor/laravel/framework/src/Illuminate/Pipeline/Pipeline.php(209): Illuminate/Foundation/Http/Middleware/ConvertEmptyStringsToNull->handle(Object(Illuminate/Http/Request), Object(Closure))
#32 C:/Users/agusp/Desktop/Clase/TFG/F1Fantasy/backend/vendor/laravel/framework/src/Illuminate/Foundation/Http/Middleware/TransformsRequest.php(21): Illuminate/Pipeline/Pipeline->{closure:{closure:Illuminate/Pipeline/Pipeline::carry():184}:185}(Object(Illuminate/Http/Request))
#33 C:/Users/agusp/Desktop/Clase/TFG/F1Fantasy/backend/vendor/laravel/framework/src/Illuminate/Foundation/Http/Middleware/TrimStrings.php(51): Illuminate/Foundation/Http/Middleware/TransformsRequest->handle(Object(Illuminate/Http/Request), Object(Closure))
#34 C:/Users/agusp/Desktop/Clase/TFG/F1Fantasy/backend/vendor/laravel/framework/src/Illuminate/Pipeline/Pipeline.php(209): Illuminate/Foundation/Http/Middleware/TrimStrings->handle(Object(Illuminate/Http/Request), Object(Closure))
#35 C:/Users/agusp/Desktop/Clase/TFG/F1Fantasy/backend/vendor/laravel/framework/src/Illuminate/Http/Middleware/ValidatePostSize.php(27): Illuminate/Pipeline/Pipeline->{closure:{closure:Illuminate/Pipeline/Pipeline::carry():184}:185}(Object(Illuminate/Http/Request))
#36 C:/Users/agusp/Desktop/Clase/TFG/F1Fantasy/backend/vendor/laravel/framework/src/Illuminate/Pipeline/Pipeline.php(209): Illuminate/Http/Middleware/ValidatePostSize->handle(Object(Illuminate/Http/Request), Object(Closure))
#37 C:/Users/agusp/Desktop/Clase/TFG/F1Fantasy/backend/vendor/laravel/framework/src/Illuminate/Foundation/Http/Middleware/PreventRequestsDuringMaintenance.php(110): Illuminate/Pipeline/Pipeline->{closure:{closure:Illuminate/Pipeline/Pipeline::carry():184}:185}(Object(Illuminate/Http/Request))
#38 C:/Users/agusp/Desktop/Clase/TFG/F1Fantasy/backend/vendor/laravel/framework/src/Illuminate/Pipeline/Pipeline.php(209): Illuminate/Foundation/Http/Middleware/PreventRequestsDuringMaintenance->handle(Object(Illuminate/Http/Request), Object(Closure))
#39 C:/Users/agusp/Desktop/Clase/TFG/F1Fantasy/backend/vendor/laravel/framework/src/Illuminate/Http/Middleware/HandleCors.php(62): Illuminate/Pipeline/Pipeline->{closure:{closure:Illuminate/Pipeline/Pipeline::carry():184}:185}(Object(Illuminate/Http/Request))
#40 C:/Users/agusp/Desktop/Clase/TFG/F1Fantasy/backend/vendor/laravel/framework/src/Illuminate/Pipeline/Pipeline.php(209): Illuminate/Http/Middleware/HandleCors->handle(Object(Illuminate/Http/Request), Object(Closure))
#41 C:/Users/agusp/Desktop/Clase/TFG/F1Fantasy/backend/vendor/laravel/framework/src/Illuminate/Http/Middleware/TrustProxies.php(58): Illuminate/Pipeline/Pipeline->{closure:{closure:Illuminate/Pipeline/Pipeline::carry():184}:185}(Object(Illuminate/Http/Request))
#42 C:/Users/agusp/Desktop/Clase/TFG/F1Fantasy/backend/vendor/laravel/framework/src/Illuminate/Pipeline/Pipeline.php(209): Illuminate/Http/Middleware/TrustProxies->handle(Object(Illuminate/Http/Request), Object(Closure))
#43 C:/Users/agusp/Desktop/Clase/TFG/F1Fantasy/backend/vendor/laravel/framework/src/Illuminate/Foundation/Http/Middleware/InvokeDeferredCallbacks.php(22): Illuminate/Pipeline/Pipeline->{closure:{closure:Illuminate/Pipeline/Pipeline::carry():184}:185}(Object(Illuminate/Http/Request))
#44 C:/Users/agusp/Desktop/Clase/TFG/F1Fantasy/backend/vendor/laravel/framework/src/Illuminate/Pipeline/Pipeline.php(209): Illuminate/Foundation/Http/Middleware/InvokeDeferredCallbacks->handle(Object(Illuminate/Http/Request), Object(Closure))
#45 C:/Users/agusp/Desktop/Clase/TFG/F1Fantasy/backend/vendor/laravel/framework/src/Illuminate/Pipeline/Pipeline.php(127): Illuminate/Pipeline/Pipeline->{closure:{closure:Illuminate/Pipeline/Pipeline::carry():184}:185}(Object(Illuminate/Http/Request))
#46 C:/Users/agusp/Desktop/Clase/TFG/F1Fantasy/backend/vendor/laravel/framework/src/Illuminate/Foundation/Http/Kernel.php(176): Illuminate/Pipeline/Pipeline->then(Object(Closure))
#47 C:/Users/agusp/Desktop/Clase/TFG/F1Fantasy/backend/vendor/laravel/framework/src/Illuminate/Foundation/Http/Kernel.php(145): Illuminate/Foundation/Http/Kernel->sendRequestThroughRouter(Object(Illuminate/Http/Request))
#48 C:/Users/agusp/Desktop/Clase/TFG/F1Fantasy/backend/vendor/laravel/framework/src/Illuminate/Foundation/Application.php(1220): Illuminate/Foundation/Http/Kernel->handle(Object(Illuminate/Http/Request))
#49 C:/Users/agusp/Desktop/Clase/TFG/F1Fantasy/backend/public/index.php(17): Illuminate/Foundation/Application->handleRequest(Object(Illuminate/Http/Request))
#50 C:/Users/agusp/Desktop/Clase/TFG/F1Fantasy/backend/vendor/laravel/framework/src/Illuminate/Foundation/resources/server.php(23): require_once('C://Users//agusp//...')
#51 {main}
"} 
[2026-04-23 20:30:12] local.ERROR: SQLSTATE[42S02]: Base table or view not found: 1146 Table 'f1fantasy.personal_access_tokens' doesn't exist (Connection: mysql, SQL: insert into `personal_access_tokens` (`name`, `token`, `abilities`, `expires_at`, `tokenable_id`, `tokenable_type`, `updated_at`, `created_at`) values (auth_token, 2642a55d20bf46f923278311071b327c589aee0f1b00fd7be16c5fb6d1360d6a, ["*"], ?, 1, App\Models\User, 2026-04-23 20:30:12, 2026-04-23 20:30:12)) {"userId":1,"exception":"[object] (Illuminate\\Database\\QueryException(code: 42S02): SQLSTATE[42S02]: Base table or view not found: 1146 Table 'f1fantasy.personal_access_tokens' doesn't exist (Connection: mysql, SQL: insert into `personal_access_tokens` (`name`, `token`, `abilities`, `expires_at`, `tokenable_id`, `tokenable_type`, `updated_at`, `created_at`) values (auth_token, 2642a55d20bf46f923278311071b327c589aee0f1b00fd7be16c5fb6d1360d6a, [\"*\"], ?, 1, App\\Models\\User, 2026-04-23 20:30:12, 2026-04-23 20:30:12)) at C:/Users/agusp/Desktop/Clase/TFG/F1Fantasy/backend/vendor/laravel/framework/src/Illuminate/Database/Connection.php:825)
[stacktrace]
#0 C:/Users/agusp/Desktop/Clase/TFG/F1Fantasy/backend/vendor/laravel/framework/src/Illuminate/Database/Connection.php(779): Illuminate/Database/Connection->runQueryCallback('insert into `pe...', Array, Object(Closure))
#1 C:/Users/agusp/Desktop/Clase/TFG/F1Fantasy/backend/vendor/laravel/framework/src/Illuminate/Database/MySqlConnection.php(42): Illuminate/Database/Connection->run('insert into `pe...', Array, Object(Closure))
#2 C:/Users/agusp/Desktop/Clase/TFG/F1Fantasy/backend/vendor/laravel/framework/src/Illuminate/Database/Query/Processors/MySqlProcessor.php(35): Illuminate/Database/MySqlConnection->insert('insert into `pe...', Array, 'id')
#3 C:/Users/agusp/Desktop/Clase/TFG/F1Fantasy/backend/vendor/laravel/framework/src/Illuminate/Database/Query/Builder.php(3766): Illuminate/Database/Query/Processors/MySqlProcessor->processInsertGetId(Object(Illuminate/Database/Query/Builder), 'insert into `pe...', Array, 'id')
#4 C:/Users/agusp/Desktop/Clase/TFG/F1Fantasy/backend/vendor/laravel/framework/src/Illuminate/Database/Eloquent/Builder.php(2120): Illuminate/Database/Query/Builder->insertGetId(Array, 'id')
#5 C:/Users/agusp/Desktop/Clase/TFG/F1Fantasy/backend/vendor/laravel/framework/src/Illuminate/Database/Eloquent/Model.php(1359): Illuminate/Database/Eloquent/Builder->__call('insertGetId', Array)
#6 C:/Users/agusp/Desktop/Clase/TFG/F1Fantasy/backend/vendor/laravel/framework/src/Illuminate/Database/Eloquent/Model.php(1324): Illuminate/Database/Eloquent/Model->insertAndSetId(Object(Illuminate/Database/Eloquent/Builder), Array)
#7 C:/Users/agusp/Desktop/Clase/TFG/F1Fantasy/backend/vendor/laravel/framework/src/Illuminate/Database/Eloquent/Model.php(1163): Illuminate/Database/Eloquent/Model->performInsert(Object(Illuminate/Database/Eloquent/Builder))
#8 C:/Users/agusp/Desktop/Clase/TFG/F1Fantasy/backend/vendor/laravel/framework/src/Illuminate/Database/Eloquent/Relations/HasOneOrMany.php(371): Illuminate/Database/Eloquent/Model->save()
#9 C:/Users/agusp/Desktop/Clase/TFG/F1Fantasy/backend/vendor/laravel/framework/src/Illuminate/Support/helpers.php(399): Illuminate/Database/Eloquent/Relations/HasOneOrMany->{closure:Illuminate/Database/Eloquent/Relations/HasOneOrMany::create():368}(Object(Laravel/Sanctum/PersonalAccessToken))
#10 C:/Users/agusp/Desktop/Clase/TFG/F1Fantasy/backend/vendor/laravel/framework/src/Illuminate/Database/Eloquent/Relations/HasOneOrMany.php(368): tap(Object(Laravel/Sanctum/PersonalAccessToken), Object(Closure))
#11 C:/Users/agusp/Desktop/Clase/TFG/F1Fantasy/backend/vendor/laravel/sanctum/src/HasApiTokens.php(64): Illuminate/Database/Eloquent/Relations/HasOneOrMany->create(Array)
#12 C:/Users/agusp/Desktop/Clase/TFG/F1Fantasy/backend/app/Http/Controllers/Api/AuthController.php(54): App/Models/User->createToken('auth_token')
#13 C:/Users/agusp/Desktop/Clase/TFG/F1Fantasy/backend/vendor/laravel/framework/src/Illuminate/Routing/ControllerDispatcher.php(47): App/Http/Controllers/Api/AuthController->login(Object(Illuminate/Http/Request))
#14 C:/Users/agusp/Desktop/Clase/TFG/F1Fantasy/backend/vendor/laravel/framework/src/Illuminate/Routing/Route.php(266): Illuminate/Routing/ControllerDispatcher->dispatch(Object(Illuminate/Routing/Route), Object(App/Http/Controllers/Api/AuthController), 'login')
#15 C:/Users/agusp/Desktop/Clase/TFG/F1Fantasy/backend/vendor/laravel/framework/src/Illuminate/Routing/Route.php(212): Illuminate/Routing/Route->runController()
#16 C:/Users/agusp/Desktop/Clase/TFG/F1Fantasy/backend/vendor/laravel/framework/src/Illuminate/Routing/Router.php(808): Illuminate/Routing/Route->run()
#17 C:/Users/agusp/Desktop/Clase/TFG/F1Fantasy/backend/vendor/laravel/framework/src/Illuminate/Pipeline/Pipeline.php(170): Illuminate/Routing/Router->{closure:Illuminate/Routing/Router::runRouteWithinStack():807}(Object(Illuminate/Http/Request))
#18 C:/Users/agusp/Desktop/Clase/TFG/F1Fantasy/backend/vendor/laravel/framework/src/Illuminate/Routing/Middleware/SubstituteBindings.php(51): Illuminate/Pipeline/Pipeline->{closure:Illuminate/Pipeline/Pipeline::prepareDestination():168}(Object(Illuminate/Http/Request))
#19 C:/Users/agusp/Desktop/Clase/TFG/F1Fantasy/backend/vendor/laravel/framework/src/Illuminate/Pipeline/Pipeline.php(209): Illuminate/Routing/Middleware/SubstituteBindings->handle(Object(Illuminate/Http/Request), Object(Closure))
#20 C:/Users/agusp/Desktop/Clase/TFG/F1Fantasy/backend/vendor/laravel/framework/src/Illuminate/Pipeline/Pipeline.php(127): Illuminate/Pipeline/Pipeline->{closure:{closure:Illuminate/Pipeline/Pipeline::carry():184}:185}(Object(Illuminate/Http/Request))
#21 C:/Users/agusp/Desktop/Clase/TFG/F1Fantasy/backend/vendor/laravel/framework/src/Illuminate/Routing/Router.php(807): Illuminate/Pipeline/Pipeline->then(Object(Closure))
#22 C:/Users/agusp/Desktop/Clase/TFG/F1Fantasy/backend/vendor/laravel/framework/src/Illuminate/Routing/Router.php(786): Illuminate/Routing/Router->runRouteWithinStack(Object(Illuminate/Routing/Route), Object(Illuminate/Http/Request))
#23 C:/Users/agusp/Desktop/Clase/TFG/F1Fantasy/backend/vendor/laravel/framework/src/Illuminate/Routing/Router.php(750): Illuminate/Routing/Router->runRoute(Object(Illuminate/Http/Request), Object(Illuminate/Routing/Route))
#24 C:/Users/agusp/Desktop/Clase/TFG/F1Fantasy/backend/vendor/laravel/framework/src/Illuminate/Routing/Router.php(739): Illuminate/Routing/Router->dispatchToRoute(Object(Illuminate/Http/Request))
#25 C:/Users/agusp/Desktop/Clase/TFG/F1Fantasy/backend/vendor/laravel/framework/src/Illuminate/Foundation/Http/Kernel.php(201): Illuminate/Routing/Router->dispatch(Object(Illuminate/Http/Request))
#26 C:/Users/agusp/Desktop/Clase/TFG/F1Fantasy/backend/vendor/laravel/framework/src/Illuminate/Pipeline/Pipeline.php(170): Illuminate/Foundation/Http/Kernel->{closure:Illuminate/Foundation/Http/Kernel::dispatchToRouter():198}(Object(Illuminate/Http/Request))
#27 C:/Users/agusp/Desktop/Clase/TFG/F1Fantasy/backend/vendor/laravel/framework/src/Illuminate/Foundation/Http/Middleware/TransformsRequest.php(21): Illuminate/Pipeline/Pipeline->{closure:Illuminate/Pipeline/Pipeline::prepareDestination():168}(Object(Illuminate/Http/Request))
#28 C:/Users/agusp/Desktop/Clase/TFG/F1Fantasy/backend/vendor/laravel/framework/src/Illuminate/Foundation/Http/Middleware/ConvertEmptyStringsToNull.php(31): Illuminate/Foundation/Http/Middleware/TransformsRequest->handle(Object(Illuminate/Http/Request), Object(Closure))
#29 C:/Users/agusp/Desktop/Clase/TFG/F1Fantasy/backend/vendor/laravel/framework/src/Illuminate/Pipeline/Pipeline.php(209): Illuminate/Foundation/Http/Middleware/ConvertEmptyStringsToNull->handle(Object(Illuminate/Http/Request), Object(Closure))
#30 C:/Users/agusp/Desktop/Clase/TFG/F1Fantasy/backend/vendor/laravel/framework/src/Illuminate/Foundation/Http/Middleware/TransformsRequest.php(21): Illuminate/Pipeline/Pipeline->{closure:{closure:Illuminate/Pipeline/Pipeline::carry():184}:185}(Object(Illuminate/Http/Request))
#31 C:/Users/agusp/Desktop/Clase/TFG/F1Fantasy/backend/vendor/laravel/framework/src/Illuminate/Foundation/Http/Middleware/TrimStrings.php(51): Illuminate/Foundation/Http/Middleware/TransformsRequest->handle(Object(Illuminate/Http/Request), Object(Closure))
#32 C:/Users/agusp/Desktop/Clase/TFG/F1Fantasy/backend/vendor/laravel/framework/src/Illuminate/Pipeline/Pipeline.php(209): Illuminate/Foundation/Http/Middleware/TrimStrings->handle(Object(Illuminate/Http/Request), Object(Closure))
#33 C:/Users/agusp/Desktop/Clase/TFG/F1Fantasy/backend/vendor/laravel/framework/src/Illuminate/Http/Middleware/ValidatePostSize.php(27): Illuminate/Pipeline/Pipeline->{closure:{closure:Illuminate/Pipeline/Pipeline::carry():184}:185}(Object(Illuminate/Http/Request))
#34 C:/Users/agusp/Desktop/Clase/TFG/F1Fantasy/backend/vendor/laravel/framework/src/Illuminate/Pipeline/Pipeline.php(209): Illuminate/Http/Middleware/ValidatePostSize->handle(Object(Illuminate/Http/Request), Object(Closure))
#35 C:/Users/agusp/Desktop/Clase/TFG/F1Fantasy/backend/vendor/laravel/framework/src/Illuminate/Foundation/Http/Middleware/PreventRequestsDuringMaintenance.php(110): Illuminate/Pipeline/Pipeline->{closure:{closure:Illuminate/Pipeline/Pipeline::carry():184}:185}(Object(Illuminate/Http/Request))
#36 C:/Users/agusp/Desktop/Clase/TFG/F1Fantasy/backend/vendor/laravel/framework/src/Illuminate/Pipeline/Pipeline.php(209): Illuminate/Foundation/Http/Middleware/PreventRequestsDuringMaintenance->handle(Object(Illuminate/Http/Request), Object(Closure))
#37 C:/Users/agusp/Desktop/Clase/TFG/F1Fantasy/backend/vendor/laravel/framework/src/Illuminate/Http/Middleware/HandleCors.php(62): Illuminate/Pipeline/Pipeline->{closure:{closure:Illuminate/Pipeline/Pipeline::carry():184}:185}(Object(Illuminate/Http/Request))
#38 C:/Users/agusp/Desktop/Clase/TFG/F1Fantasy/backend/vendor/laravel/framework/src/Illuminate/Pipeline/Pipeline.php(209): Illuminate/Http/Middleware/HandleCors->handle(Object(Illuminate/Http/Request), Object(Closure))
#39 C:/Users/agusp/Desktop/Clase/TFG/F1Fantasy/backend/vendor/laravel/framework/src/Illuminate/Http/Middleware/TrustProxies.php(58): Illuminate/Pipeline/Pipeline->{closure:{closure:Illuminate/Pipeline/Pipeline::carry():184}:185}(Object(Illuminate/Http/Request))
#40 C:/Users/agusp/Desktop/Clase/TFG/F1Fantasy/backend/vendor/laravel/framework/src/Illuminate/Pipeline/Pipeline.php(209): Illuminate/Http/Middleware/TrustProxies->handle(Object(Illuminate/Http/Request), Object(Closure))
#41 C:/Users/agusp/Desktop/Clase/TFG/F1Fantasy/backend/vendor/laravel/framework/src/Illuminate/Foundation/Http/Middleware/InvokeDeferredCallbacks.php(22): Illuminate/Pipeline/Pipeline->{closure:{closure:Illuminate/Pipeline/Pipeline::carry():184}:185}(Object(Illuminate/Http/Request))
#42 C:/Users/agusp/Desktop/Clase/TFG/F1Fantasy/backend/vendor/laravel/framework/src/Illuminate/Pipeline/Pipeline.php(209): Illuminate/Foundation/Http/Middleware/InvokeDeferredCallbacks->handle(Object(Illuminate/Http/Request), Object(Closure))
#43 C:/Users/agusp/Desktop/Clase/TFG/F1Fantasy/backend/vendor/laravel/framework/src/Illuminate/Pipeline/Pipeline.php(127): Illuminate/Pipeline/Pipeline->{closure:{closure:Illuminate/Pipeline/Pipeline::carry():184}:185}(Object(Illuminate/Http/Request))
#44 C:/Users/agusp/Desktop/Clase/TFG/F1Fantasy/backend/vendor/laravel/framework/src/Illuminate/Foundation/Http/Kernel.php(176): Illuminate/Pipeline/Pipeline->then(Object(Closure))
#45 C:/Users/agusp/Desktop/Clase/TFG/F1Fantasy/backend/vendor/laravel/framework/src/Illuminate/Foundation/Http/Kernel.php(145): Illuminate/Foundation/Http/Kernel->sendRequestThroughRouter(Object(Illuminate/Http/Request))
#46 C:/Users/agusp/Desktop/Clase/TFG/F1Fantasy/backend/vendor/laravel/framework/src/Illuminate/Foundation/Application.php(1220): Illuminate/Foundation/Http/Kernel->handle(Object(Illuminate/Http/Request))
#47 C:/Users/agusp/Desktop/Clase/TFG/F1Fantasy/backend/public/index.php(17): Illuminate/Foundation/Application->handleRequest(Object(Illuminate/Http/Request))
#48 C:/Users/agusp/Desktop/Clase/TFG/F1Fantasy/backend/vendor/laravel/framework/src/Illuminate/Foundation/resources/server.php(23): require_once('C://Users//agusp//...')
#49 {main}

[previous exception] [object] (PDOException(code: 42S02): SQLSTATE[42S02]: Base table or view not found: 1146 Table 'f1fantasy.personal_access_tokens' doesn't exist at C:/Users/agusp/Desktop/Clase/TFG/F1Fantasy/backend/vendor/laravel/framework/src/Illuminate/Database/MySqlConnection.php:47)
[stacktrace]
#0 C:/Users/agusp/Desktop/Clase/TFG/F1Fantasy/backend/vendor/laravel/framework/src/Illuminate/Database/MySqlConnection.php(47): PDO->prepare('insert into `pe...')
#1 C:/Users/agusp/Desktop/Clase/TFG/F1Fantasy/backend/vendor/laravel/framework/src/Illuminate/Database/Connection.php(812): Illuminate/Database/MySqlConnection->{closure:Illuminate/Database/MySqlConnection::insert():42}('insert into `pe...', Array)
#2 C:/Users/agusp/Desktop/Clase/TFG/F1Fantasy/backend/vendor/laravel/framework/src/Illuminate/Database/Connection.php(779): Illuminate/Database/Connection->runQueryCallback('insert into `pe...', Array, Object(Closure))
#3 C:/Users/agusp/Desktop/Clase/TFG/F1Fantasy/backend/vendor/laravel/framework/src/Illuminate/Database/MySqlConnection.php(42): Illuminate/Database/Connection->run('insert into `pe...', Array, Object(Closure))
#4 C:/Users/agusp/Desktop/Clase/TFG/F1Fantasy/backend/vendor/laravel/framework/src/Illuminate/Database/Query/Processors/MySqlProcessor.php(35): Illuminate/Database/MySqlConnection->insert('insert into `pe...', Array, 'id')
#5 C:/Users/agusp/Desktop/Clase/TFG/F1Fantasy/backend/vendor/laravel/framework/src/Illuminate/Database/Query/Builder.php(3766): Illuminate/Database/Query/Processors/MySqlProcessor->processInsertGetId(Object(Illuminate/Database/Query/Builder), 'insert into `pe...', Array, 'id')
#6 C:/Users/agusp/Desktop/Clase/TFG/F1Fantasy/backend/vendor/laravel/framework/src/Illuminate/Database/Eloquent/Builder.php(2120): Illuminate/Database/Query/Builder->insertGetId(Array, 'id')
#7 C:/Users/agusp/Desktop/Clase/TFG/F1Fantasy/backend/vendor/laravel/framework/src/Illuminate/Database/Eloquent/Model.php(1359): Illuminate/Database/Eloquent/Builder->__call('insertGetId', Array)
#8 C:/Users/agusp/Desktop/Clase/TFG/F1Fantasy/backend/vendor/laravel/framework/src/Illuminate/Database/Eloquent/Model.php(1324): Illuminate/Database/Eloquent/Model->insertAndSetId(Object(Illuminate/Database/Eloquent/Builder), Array)
#9 C:/Users/agusp/Desktop/Clase/TFG/F1Fantasy/backend/vendor/laravel/framework/src/Illuminate/Database/Eloquent/Model.php(1163): Illuminate/Database/Eloquent/Model->performInsert(Object(Illuminate/Database/Eloquent/Builder))
#10 C:/Users/agusp/Desktop/Clase/TFG/F1Fantasy/backend/vendor/laravel/framework/src/Illuminate/Database/Eloquent/Relations/HasOneOrMany.php(371): Illuminate/Database/Eloquent/Model->save()
#11 C:/Users/agusp/Desktop/Clase/TFG/F1Fantasy/backend/vendor/laravel/framework/src/Illuminate/Support/helpers.php(399): Illuminate/Database/Eloquent/Relations/HasOneOrMany->{closure:Illuminate/Database/Eloquent/Relations/HasOneOrMany::create():368}(Object(Laravel/Sanctum/PersonalAccessToken))
#12 C:/Users/agusp/Desktop/Clase/TFG/F1Fantasy/backend/vendor/laravel/framework/src/Illuminate/Database/Eloquent/Relations/HasOneOrMany.php(368): tap(Object(Laravel/Sanctum/PersonalAccessToken), Object(Closure))
#13 C:/Users/agusp/Desktop/Clase/TFG/F1Fantasy/backend/vendor/laravel/sanctum/src/HasApiTokens.php(64): Illuminate/Database/Eloquent/Relations/HasOneOrMany->create(Array)
#14 C:/Users/agusp/Desktop/Clase/TFG/F1Fantasy/backend/app/Http/Controllers/Api/AuthController.php(54): App/Models/User->createToken('auth_token')
#15 C:/Users/agusp/Desktop/Clase/TFG/F1Fantasy/backend/vendor/laravel/framework/src/Illuminate/Routing/ControllerDispatcher.php(47): App/Http/Controllers/Api/AuthController->login(Object(Illuminate/Http/Request))
#16 C:/Users/agusp/Desktop/Clase/TFG/F1Fantasy/backend/vendor/laravel/framework/src/Illuminate/Routing/Route.php(266): Illuminate/Routing/ControllerDispatcher->dispatch(Object(Illuminate/Routing/Route), Object(App/Http/Controllers/Api/AuthController), 'login')
#17 C:/Users/agusp/Desktop/Clase/TFG/F1Fantasy/backend/vendor/laravel/framework/src/Illuminate/Routing/Route.php(212): Illuminate/Routing/Route->runController()
#18 C:/Users/agusp/Desktop/Clase/TFG/F1Fantasy/backend/vendor/laravel/framework/src/Illuminate/Routing/Router.php(808): Illuminate/Routing/Route->run()
#19 C:/Users/agusp/Desktop/Clase/TFG/F1Fantasy/backend/vendor/laravel/framework/src/Illuminate/Pipeline/Pipeline.php(170): Illuminate/Routing/Router->{closure:Illuminate/Routing/Router::runRouteWithinStack():807}(Object(Illuminate/Http/Request))
#20 C:/Users/agusp/Desktop/Clase/TFG/F1Fantasy/backend/vendor/laravel/framework/src/Illuminate/Routing/Middleware/SubstituteBindings.php(51): Illuminate/Pipeline/Pipeline->{closure:Illuminate/Pipeline/Pipeline::prepareDestination():168}(Object(Illuminate/Http/Request))
#21 C:/Users/agusp/Desktop/Clase/TFG/F1Fantasy/backend/vendor/laravel/framework/src/Illuminate/Pipeline/Pipeline.php(209): Illuminate/Routing/Middleware/SubstituteBindings->handle(Object(Illuminate/Http/Request), Object(Closure))
#22 C:/Users/agusp/Desktop/Clase/TFG/F1Fantasy/backend/vendor/laravel/framework/src/Illuminate/Pipeline/Pipeline.php(127): Illuminate/Pipeline/Pipeline->{closure:{closure:Illuminate/Pipeline/Pipeline::carry():184}:185}(Object(Illuminate/Http/Request))
#23 C:/Users/agusp/Desktop/Clase/TFG/F1Fantasy/backend/vendor/laravel/framework/src/Illuminate/Routing/Router.php(807): Illuminate/Pipeline/Pipeline->then(Object(Closure))
#24 C:/Users/agusp/Desktop/Clase/TFG/F1Fantasy/backend/vendor/laravel/framework/src/Illuminate/Routing/Router.php(786): Illuminate/Routing/Router->runRouteWithinStack(Object(Illuminate/Routing/Route), Object(Illuminate/Http/Request))
#25 C:/Users/agusp/Desktop/Clase/TFG/F1Fantasy/backend/vendor/laravel/framework/src/Illuminate/Routing/Router.php(750): Illuminate/Routing/Router->runRoute(Object(Illuminate/Http/Request), Object(Illuminate/Routing/Route))
#26 C:/Users/agusp/Desktop/Clase/TFG/F1Fantasy/backend/vendor/laravel/framework/src/Illuminate/Routing/Router.php(739): Illuminate/Routing/Router->dispatchToRoute(Object(Illuminate/Http/Request))
#27 C:/Users/agusp/Desktop/Clase/TFG/F1Fantasy/backend/vendor/laravel/framework/src/Illuminate/Foundation/Http/Kernel.php(201): Illuminate/Routing/Router->dispatch(Object(Illuminate/Http/Request))
#28 C:/Users/agusp/Desktop/Clase/TFG/F1Fantasy/backend/vendor/laravel/framework/src/Illuminate/Pipeline/Pipeline.php(170): Illuminate/Foundation/Http/Kernel->{closure:Illuminate/Foundation/Http/Kernel::dispatchToRouter():198}(Object(Illuminate/Http/Request))
#29 C:/Users/agusp/Desktop/Clase/TFG/F1Fantasy/backend/vendor/laravel/framework/src/Illuminate/Foundation/Http/Middleware/TransformsRequest.php(21): Illuminate/Pipeline/Pipeline->{closure:Illuminate/Pipeline/Pipeline::prepareDestination():168}(Object(Illuminate/Http/Request))
#30 C:/Users/agusp/Desktop/Clase/TFG/F1Fantasy/backend/vendor/laravel/framework/src/Illuminate/Foundation/Http/Middleware/ConvertEmptyStringsToNull.php(31): Illuminate/Foundation/Http/Middleware/TransformsRequest->handle(Object(Illuminate/Http/Request), Object(Closure))
#31 C:/Users/agusp/Desktop/Clase/TFG/F1Fantasy/backend/vendor/laravel/framework/src/Illuminate/Pipeline/Pipeline.php(209): Illuminate/Foundation/Http/Middleware/ConvertEmptyStringsToNull->handle(Object(Illuminate/Http/Request), Object(Closure))
#32 C:/Users/agusp/Desktop/Clase/TFG/F1Fantasy/backend/vendor/laravel/framework/src/Illuminate/Foundation/Http/Middleware/TransformsRequest.php(21): Illuminate/Pipeline/Pipeline->{closure:{closure:Illuminate/Pipeline/Pipeline::carry():184}:185}(Object(Illuminate/Http/Request))
#33 C:/Users/agusp/Desktop/Clase/TFG/F1Fantasy/backend/vendor/laravel/framework/src/Illuminate/Foundation/Http/Middleware/TrimStrings.php(51): Illuminate/Foundation/Http/Middleware/TransformsRequest->handle(Object(Illuminate/Http/Request), Object(Closure))
#34 C:/Users/agusp/Desktop/Clase/TFG/F1Fantasy/backend/vendor/laravel/framework/src/Illuminate/Pipeline/Pipeline.php(209): Illuminate/Foundation/Http/Middleware/TrimStrings->handle(Object(Illuminate/Http/Request), Object(Closure))
#35 C:/Users/agusp/Desktop/Clase/TFG/F1Fantasy/backend/vendor/laravel/framework/src/Illuminate/Http/Middleware/ValidatePostSize.php(27): Illuminate/Pipeline/Pipeline->{closure:{closure:Illuminate/Pipeline/Pipeline::carry():184}:185}(Object(Illuminate/Http/Request))
#36 C:/Users/agusp/Desktop/Clase/TFG/F1Fantasy/backend/vendor/laravel/framework/src/Illuminate/Pipeline/Pipeline.php(209): Illuminate/Http/Middleware/ValidatePostSize->handle(Object(Illuminate/Http/Request), Object(Closure))
#37 C:/Users/agusp/Desktop/Clase/TFG/F1Fantasy/backend/vendor/laravel/framework/src/Illuminate/Foundation/Http/Middleware/PreventRequestsDuringMaintenance.php(110): Illuminate/Pipeline/Pipeline->{closure:{closure:Illuminate/Pipeline/Pipeline::carry():184}:185}(Object(Illuminate/Http/Request))
#38 C:/Users/agusp/Desktop/Clase/TFG/F1Fantasy/backend/vendor/laravel/framework/src/Illuminate/Pipeline/Pipeline.php(209): Illuminate/Foundation/Http/Middleware/PreventRequestsDuringMaintenance->handle(Object(Illuminate/Http/Request), Object(Closure))
#39 C:/Users/agusp/Desktop/Clase/TFG/F1Fantasy/backend/vendor/laravel/framework/src/Illuminate/Http/Middleware/HandleCors.php(62): Illuminate/Pipeline/Pipeline->{closure:{closure:Illuminate/Pipeline/Pipeline::carry():184}:185}(Object(Illuminate/Http/Request))
#40 C:/Users/agusp/Desktop/Clase/TFG/F1Fantasy/backend/vendor/laravel/framework/src/Illuminate/Pipeline/Pipeline.php(209): Illuminate/Http/Middleware/HandleCors->handle(Object(Illuminate/Http/Request), Object(Closure))
#41 C:/Users/agusp/Desktop/Clase/TFG/F1Fantasy/backend/vendor/laravel/framework/src/Illuminate/Http/Middleware/TrustProxies.php(58): Illuminate/Pipeline/Pipeline->{closure:{closure:Illuminate/Pipeline/Pipeline::carry():184}:185}(Object(Illuminate/Http/Request))
#42 C:/Users/agusp/Desktop/Clase/TFG/F1Fantasy/backend/vendor/laravel/framework/src/Illuminate/Pipeline/Pipeline.php(209): Illuminate/Http/Middleware/TrustProxies->handle(Object(Illuminate/Http/Request), Object(Closure))
#43 C:/Users/agusp/Desktop/Clase/TFG/F1Fantasy/backend/vendor/laravel/framework/src/Illuminate/Foundation/Http/Middleware/InvokeDeferredCallbacks.php(22): Illuminate/Pipeline/Pipeline->{closure:{closure:Illuminate/Pipeline/Pipeline::carry():184}:185}(Object(Illuminate/Http/Request))
#44 C:/Users/agusp/Desktop/Clase/TFG/F1Fantasy/backend/vendor/laravel/framework/src/Illuminate/Pipeline/Pipeline.php(209): Illuminate/Foundation/Http/Middleware/InvokeDeferredCallbacks->handle(Object(Illuminate/Http/Request), Object(Closure))
#45 C:/Users/agusp/Desktop/Clase/TFG/F1Fantasy/backend/vendor/laravel/framework/src/Illuminate/Pipeline/Pipeline.php(127): Illuminate/Pipeline/Pipeline->{closure:{closure:Illuminate/Pipeline/Pipeline::carry():184}:185}(Object(Illuminate/Http/Request))
#46 C:/Users/agusp/Desktop/Clase/TFG/F1Fantasy/backend/vendor/laravel/framework/src/Illuminate/Foundation/Http/Kernel.php(176): Illuminate/Pipeline/Pipeline->then(Object(Closure))
#47 C:/Users/agusp/Desktop/Clase/TFG/F1Fantasy/backend/vendor/laravel/framework/src/Illuminate/Foundation/Http/Kernel.php(145): Illuminate/Foundation/Http/Kernel->sendRequestThroughRouter(Object(Illuminate/Http/Request))
#48 C:/Users/agusp/Desktop/Clase/TFG/F1Fantasy/backend/vendor/laravel/framework/src/Illuminate/Foundation/Application.php(1220): Illuminate/Foundation/Http/Kernel->handle(Object(Illuminate/Http/Request))
#49 C:/Users/agusp/Desktop/Clase/TFG/F1Fantasy/backend/public/index.php(17): Illuminate/Foundation/Application->handleRequest(Object(Illuminate/Http/Request))
#50 C:/Users/agusp/Desktop/Clase/TFG/F1Fantasy/backend/vendor/laravel/framework/src/Illuminate/Foundation/resources/server.php(23): require_once('C://Users//agusp//...')
#51 {main}
"} 
[2026-04-23 20:30:14] local.ERROR: SQLSTATE[42S02]: Base table or view not found: 1146 Table 'f1fantasy.personal_access_tokens' doesn't exist (Connection: mysql, SQL: insert into `personal_access_tokens` (`name`, `token`, `abilities`, `expires_at`, `tokenable_id`, `tokenable_type`, `updated_at`, `created_at`) values (auth_token, 9ee4cc94d30d4a26460f5d24166d60088f36168b64a7fd526165117a675d2291, ["*"], ?, 1, App\Models\User, 2026-04-23 20:30:14, 2026-04-23 20:30:14)) {"userId":1,"exception":"[object] (Illuminate\\Database\\QueryException(code: 42S02): SQLSTATE[42S02]: Base table or view not found: 1146 Table 'f1fantasy.personal_access_tokens' doesn't exist (Connection: mysql, SQL: insert into `personal_access_tokens` (`name`, `token`, `abilities`, `expires_at`, `tokenable_id`, `tokenable_type`, `updated_at`, `created_at`) values (auth_token, 9ee4cc94d30d4a26460f5d24166d60088f36168b64a7fd526165117a675d2291, [\"*\"], ?, 1, App\\Models\\User, 2026-04-23 20:30:14, 2026-04-23 20:30:14)) at C:/Users/agusp/Desktop/Clase/TFG/F1Fantasy/backend/vendor/laravel/framework/src/Illuminate/Database/Connection.php:825)
[stacktrace]
#0 C:/Users/agusp/Desktop/Clase/TFG/F1Fantasy/backend/vendor/laravel/framework/src/Illuminate/Database/Connection.php(779): Illuminate/Database/Connection->runQueryCallback('insert into `pe...', Array, Object(Closure))
#1 C:/Users/agusp/Desktop/Clase/TFG/F1Fantasy/backend/vendor/laravel/framework/src/Illuminate/Database/MySqlConnection.php(42): Illuminate/Database/Connection->run('insert into `pe...', Array, Object(Closure))
#2 C:/Users/agusp/Desktop/Clase/TFG/F1Fantasy/backend/vendor/laravel/framework/src/Illuminate/Database/Query/Processors/MySqlProcessor.php(35): Illuminate/Database/MySqlConnection->insert('insert into `pe...', Array, 'id')
#3 C:/Users/agusp/Desktop/Clase/TFG/F1Fantasy/backend/vendor/laravel/framework/src/Illuminate/Database/Query/Builder.php(3766): Illuminate/Database/Query/Processors/MySqlProcessor->processInsertGetId(Object(Illuminate/Database/Query/Builder), 'insert into `pe...', Array, 'id')
#4 C:/Users/agusp/Desktop/Clase/TFG/F1Fantasy/backend/vendor/laravel/framework/src/Illuminate/Database/Eloquent/Builder.php(2120): Illuminate/Database/Query/Builder->insertGetId(Array, 'id')
#5 C:/Users/agusp/Desktop/Clase/TFG/F1Fantasy/backend/vendor/laravel/framework/src/Illuminate/Database/Eloquent/Model.php(1359): Illuminate/Database/Eloquent/Builder->__call('insertGetId', Array)
#6 C:/Users/agusp/Desktop/Clase/TFG/F1Fantasy/backend/vendor/laravel/framework/src/Illuminate/Database/Eloquent/Model.php(1324): Illuminate/Database/Eloquent/Model->insertAndSetId(Object(Illuminate/Database/Eloquent/Builder), Array)
#7 C:/Users/agusp/Desktop/Clase/TFG/F1Fantasy/backend/vendor/laravel/framework/src/Illuminate/Database/Eloquent/Model.php(1163): Illuminate/Database/Eloquent/Model->performInsert(Object(Illuminate/Database/Eloquent/Builder))
#8 C:/Users/agusp/Desktop/Clase/TFG/F1Fantasy/backend/vendor/laravel/framework/src/Illuminate/Database/Eloquent/Relations/HasOneOrMany.php(371): Illuminate/Database/Eloquent/Model->save()
#9 C:/Users/agusp/Desktop/Clase/TFG/F1Fantasy/backend/vendor/laravel/framework/src/Illuminate/Support/helpers.php(399): Illuminate/Database/Eloquent/Relations/HasOneOrMany->{closure:Illuminate/Database/Eloquent/Relations/HasOneOrMany::create():368}(Object(Laravel/Sanctum/PersonalAccessToken))
#10 C:/Users/agusp/Desktop/Clase/TFG/F1Fantasy/backend/vendor/laravel/framework/src/Illuminate/Database/Eloquent/Relations/HasOneOrMany.php(368): tap(Object(Laravel/Sanctum/PersonalAccessToken), Object(Closure))
#11 C:/Users/agusp/Desktop/Clase/TFG/F1Fantasy/backend/vendor/laravel/sanctum/src/HasApiTokens.php(64): Illuminate/Database/Eloquent/Relations/HasOneOrMany->create(Array)
#12 C:/Users/agusp/Desktop/Clase/TFG/F1Fantasy/backend/app/Http/Controllers/Api/AuthController.php(54): App/Models/User->createToken('auth_token')
#13 C:/Users/agusp/Desktop/Clase/TFG/F1Fantasy/backend/vendor/laravel/framework/src/Illuminate/Routing/ControllerDispatcher.php(47): App/Http/Controllers/Api/AuthController->login(Object(Illuminate/Http/Request))
#14 C:/Users/agusp/Desktop/Clase/TFG/F1Fantasy/backend/vendor/laravel/framework/src/Illuminate/Routing/Route.php(266): Illuminate/Routing/ControllerDispatcher->dispatch(Object(Illuminate/Routing/Route), Object(App/Http/Controllers/Api/AuthController), 'login')
#15 C:/Users/agusp/Desktop/Clase/TFG/F1Fantasy/backend/vendor/laravel/framework/src/Illuminate/Routing/Route.php(212): Illuminate/Routing/Route->runController()
#16 C:/Users/agusp/Desktop/Clase/TFG/F1Fantasy/backend/vendor/laravel/framework/src/Illuminate/Routing/Router.php(808): Illuminate/Routing/Route->run()
#17 C:/Users/agusp/Desktop/Clase/TFG/F1Fantasy/backend/vendor/laravel/framework/src/Illuminate/Pipeline/Pipeline.php(170): Illuminate/Routing/Router->{closure:Illuminate/Routing/Router::runRouteWithinStack():807}(Object(Illuminate/Http/Request))
#18 C:/Users/agusp/Desktop/Clase/TFG/F1Fantasy/backend/vendor/laravel/framework/src/Illuminate/Routing/Middleware/SubstituteBindings.php(51): Illuminate/Pipeline/Pipeline->{closure:Illuminate/Pipeline/Pipeline::prepareDestination():168}(Object(Illuminate/Http/Request))
#19 C:/Users/agusp/Desktop/Clase/TFG/F1Fantasy/backend/vendor/laravel/framework/src/Illuminate/Pipeline/Pipeline.php(209): Illuminate/Routing/Middleware/SubstituteBindings->handle(Object(Illuminate/Http/Request), Object(Closure))
#20 C:/Users/agusp/Desktop/Clase/TFG/F1Fantasy/backend/vendor/laravel/framework/src/Illuminate/Pipeline/Pipeline.php(127): Illuminate/Pipeline/Pipeline->{closure:{closure:Illuminate/Pipeline/Pipeline::carry():184}:185}(Object(Illuminate/Http/Request))
#21 C:/Users/agusp/Desktop/Clase/TFG/F1Fantasy/backend/vendor/laravel/framework/src/Illuminate/Routing/Router.php(807): Illuminate/Pipeline/Pipeline->then(Object(Closure))
#22 C:/Users/agusp/Desktop/Clase/TFG/F1Fantasy/backend/vendor/laravel/framework/src/Illuminate/Routing/Router.php(786): Illuminate/Routing/Router->runRouteWithinStack(Object(Illuminate/Routing/Route), Object(Illuminate/Http/Request))
#23 C:/Users/agusp/Desktop/Clase/TFG/F1Fantasy/backend/vendor/laravel/framework/src/Illuminate/Routing/Router.php(750): Illuminate/Routing/Router->runRoute(Object(Illuminate/Http/Request), Object(Illuminate/Routing/Route))
#24 C:/Users/agusp/Desktop/Clase/TFG/F1Fantasy/backend/vendor/laravel/framework/src/Illuminate/Routing/Router.php(739): Illuminate/Routing/Router->dispatchToRoute(Object(Illuminate/Http/Request))
#25 C:/Users/agusp/Desktop/Clase/TFG/F1Fantasy/backend/vendor/laravel/framework/src/Illuminate/Foundation/Http/Kernel.php(201): Illuminate/Routing/Router->dispatch(Object(Illuminate/Http/Request))
#26 C:/Users/agusp/Desktop/Clase/TFG/F1Fantasy/backend/vendor/laravel/framework/src/Illuminate/Pipeline/Pipeline.php(170): Illuminate/Foundation/Http/Kernel->{closure:Illuminate/Foundation/Http/Kernel::dispatchToRouter():198}(Object(Illuminate/Http/Request))
#27 C:/Users/agusp/Desktop/Clase/TFG/F1Fantasy/backend/vendor/laravel/framework/src/Illuminate/Foundation/Http/Middleware/TransformsRequest.php(21): Illuminate/Pipeline/Pipeline->{closure:Illuminate/Pipeline/Pipeline::prepareDestination():168}(Object(Illuminate/Http/Request))
#28 C:/Users/agusp/Desktop/Clase/TFG/F1Fantasy/backend/vendor/laravel/framework/src/Illuminate/Foundation/Http/Middleware/ConvertEmptyStringsToNull.php(31): Illuminate/Foundation/Http/Middleware/TransformsRequest->handle(Object(Illuminate/Http/Request), Object(Closure))
#29 C:/Users/agusp/Desktop/Clase/TFG/F1Fantasy/backend/vendor/laravel/framework/src/Illuminate/Pipeline/Pipeline.php(209): Illuminate/Foundation/Http/Middleware/ConvertEmptyStringsToNull->handle(Object(Illuminate/Http/Request), Object(Closure))
#30 C:/Users/agusp/Desktop/Clase/TFG/F1Fantasy/backend/vendor/laravel/framework/src/Illuminate/Foundation/Http/Middleware/TransformsRequest.php(21): Illuminate/Pipeline/Pipeline->{closure:{closure:Illuminate/Pipeline/Pipeline::carry():184}:185}(Object(Illuminate/Http/Request))
#31 C:/Users/agusp/Desktop/Clase/TFG/F1Fantasy/backend/vendor/laravel/framework/src/Illuminate/Foundation/Http/Middleware/TrimStrings.php(51): Illuminate/Foundation/Http/Middleware/TransformsRequest->handle(Object(Illuminate/Http/Request), Object(Closure))
#32 C:/Users/agusp/Desktop/Clase/TFG/F1Fantasy/backend/vendor/laravel/framework/src/Illuminate/Pipeline/Pipeline.php(209): Illuminate/Foundation/Http/Middleware/TrimStrings->handle(Object(Illuminate/Http/Request), Object(Closure))
#33 C:/Users/agusp/Desktop/Clase/TFG/F1Fantasy/backend/vendor/laravel/framework/src/Illuminate/Http/Middleware/ValidatePostSize.php(27): Illuminate/Pipeline/Pipeline->{closure:{closure:Illuminate/Pipeline/Pipeline::carry():184}:185}(Object(Illuminate/Http/Request))
#34 C:/Users/agusp/Desktop/Clase/TFG/F1Fantasy/backend/vendor/laravel/framework/src/Illuminate/Pipeline/Pipeline.php(209): Illuminate/Http/Middleware/ValidatePostSize->handle(Object(Illuminate/Http/Request), Object(Closure))
#35 C:/Users/agusp/Desktop/Clase/TFG/F1Fantasy/backend/vendor/laravel/framework/src/Illuminate/Foundation/Http/Middleware/PreventRequestsDuringMaintenance.php(110): Illuminate/Pipeline/Pipeline->{closure:{closure:Illuminate/Pipeline/Pipeline::carry():184}:185}(Object(Illuminate/Http/Request))
#36 C:/Users/agusp/Desktop/Clase/TFG/F1Fantasy/backend/vendor/laravel/framework/src/Illuminate/Pipeline/Pipeline.php(209): Illuminate/Foundation/Http/Middleware/PreventRequestsDuringMaintenance->handle(Object(Illuminate/Http/Request), Object(Closure))
#37 C:/Users/agusp/Desktop/Clase/TFG/F1Fantasy/backend/vendor/laravel/framework/src/Illuminate/Http/Middleware/HandleCors.php(62): Illuminate/Pipeline/Pipeline->{closure:{closure:Illuminate/Pipeline/Pipeline::carry():184}:185}(Object(Illuminate/Http/Request))
#38 C:/Users/agusp/Desktop/Clase/TFG/F1Fantasy/backend/vendor/laravel/framework/src/Illuminate/Pipeline/Pipeline.php(209): Illuminate/Http/Middleware/HandleCors->handle(Object(Illuminate/Http/Request), Object(Closure))
#39 C:/Users/agusp/Desktop/Clase/TFG/F1Fantasy/backend/vendor/laravel/framework/src/Illuminate/Http/Middleware/TrustProxies.php(58): Illuminate/Pipeline/Pipeline->{closure:{closure:Illuminate/Pipeline/Pipeline::carry():184}:185}(Object(Illuminate/Http/Request))
#40 C:/Users/agusp/Desktop/Clase/TFG/F1Fantasy/backend/vendor/laravel/framework/src/Illuminate/Pipeline/Pipeline.php(209): Illuminate/Http/Middleware/TrustProxies->handle(Object(Illuminate/Http/Request), Object(Closure))
#41 C:/Users/agusp/Desktop/Clase/TFG/F1Fantasy/backend/vendor/laravel/framework/src/Illuminate/Foundation/Http/Middleware/InvokeDeferredCallbacks.php(22): Illuminate/Pipeline/Pipeline->{closure:{closure:Illuminate/Pipeline/Pipeline::carry():184}:185}(Object(Illuminate/Http/Request))
#42 C:/Users/agusp/Desktop/Clase/TFG/F1Fantasy/backend/vendor/laravel/framework/src/Illuminate/Pipeline/Pipeline.php(209): Illuminate/Foundation/Http/Middleware/InvokeDeferredCallbacks->handle(Object(Illuminate/Http/Request), Object(Closure))
#43 C:/Users/agusp/Desktop/Clase/TFG/F1Fantasy/backend/vendor/laravel/framework/src/Illuminate/Pipeline/Pipeline.php(127): Illuminate/Pipeline/Pipeline->{closure:{closure:Illuminate/Pipeline/Pipeline::carry():184}:185}(Object(Illuminate/Http/Request))
#44 C:/Users/agusp/Desktop/Clase/TFG/F1Fantasy/backend/vendor/laravel/framework/src/Illuminate/Foundation/Http/Kernel.php(176): Illuminate/Pipeline/Pipeline->then(Object(Closure))
#45 C:/Users/agusp/Desktop/Clase/TFG/F1Fantasy/backend/vendor/laravel/framework/src/Illuminate/Foundation/Http/Kernel.php(145): Illuminate/Foundation/Http/Kernel->sendRequestThroughRouter(Object(Illuminate/Http/Request))
#46 C:/Users/agusp/Desktop/Clase/TFG/F1Fantasy/backend/vendor/laravel/framework/src/Illuminate/Foundation/Application.php(1220): Illuminate/Foundation/Http/Kernel->handle(Object(Illuminate/Http/Request))
#47 C:/Users/agusp/Desktop/Clase/TFG/F1Fantasy/backend/public/index.php(17): Illuminate/Foundation/Application->handleRequest(Object(Illuminate/Http/Request))
#48 C:/Users/agusp/Desktop/Clase/TFG/F1Fantasy/backend/vendor/laravel/framework/src/Illuminate/Foundation/resources/server.php(23): require_once('C://Users//agusp//...')
#49 {main}

[previous exception] [object] (PDOException(code: 42S02): SQLSTATE[42S02]: Base table or view not found: 1146 Table 'f1fantasy.personal_access_tokens' doesn't exist at C:/Users/agusp/Desktop/Clase/TFG/F1Fantasy/backend/vendor/laravel/framework/src/Illuminate/Database/MySqlConnection.php:47)
[stacktrace]
#0 C:/Users/agusp/Desktop/Clase/TFG/F1Fantasy/backend/vendor/laravel/framework/src/Illuminate/Database/MySqlConnection.php(47): PDO->prepare('insert into `pe...')
#1 C:/Users/agusp/Desktop/Clase/TFG/F1Fantasy/backend/vendor/laravel/framework/src/Illuminate/Database/Connection.php(812): Illuminate/Database/MySqlConnection->{closure:Illuminate/Database/MySqlConnection::insert():42}('insert into `pe...', Array)
#2 C:/Users/agusp/Desktop/Clase/TFG/F1Fantasy/backend/vendor/laravel/framework/src/Illuminate/Database/Connection.php(779): Illuminate/Database/Connection->runQueryCallback('insert into `pe...', Array, Object(Closure))
#3 C:/Users/agusp/Desktop/Clase/TFG/F1Fantasy/backend/vendor/laravel/framework/src/Illuminate/Database/MySqlConnection.php(42): Illuminate/Database/Connection->run('insert into `pe...', Array, Object(Closure))
#4 C:/Users/agusp/Desktop/Clase/TFG/F1Fantasy/backend/vendor/laravel/framework/src/Illuminate/Database/Query/Processors/MySqlProcessor.php(35): Illuminate/Database/MySqlConnection->insert('insert into `pe...', Array, 'id')
#5 C:/Users/agusp/Desktop/Clase/TFG/F1Fantasy/backend/vendor/laravel/framework/src/Illuminate/Database/Query/Builder.php(3766): Illuminate/Database/Query/Processors/MySqlProcessor->processInsertGetId(Object(Illuminate/Database/Query/Builder), 'insert into `pe...', Array, 'id')
#6 C:/Users/agusp/Desktop/Clase/TFG/F1Fantasy/backend/vendor/laravel/framework/src/Illuminate/Database/Eloquent/Builder.php(2120): Illuminate/Database/Query/Builder->insertGetId(Array, 'id')
#7 C:/Users/agusp/Desktop/Clase/TFG/F1Fantasy/backend/vendor/laravel/framework/src/Illuminate/Database/Eloquent/Model.php(1359): Illuminate/Database/Eloquent/Builder->__call('insertGetId', Array)
#8 C:/Users/agusp/Desktop/Clase/TFG/F1Fantasy/backend/vendor/laravel/framework/src/Illuminate/Database/Eloquent/Model.php(1324): Illuminate/Database/Eloquent/Model->insertAndSetId(Object(Illuminate/Database/Eloquent/Builder), Array)
#9 C:/Users/agusp/Desktop/Clase/TFG/F1Fantasy/backend/vendor/laravel/framework/src/Illuminate/Database/Eloquent/Model.php(1163): Illuminate/Database/Eloquent/Model->performInsert(Object(Illuminate/Database/Eloquent/Builder))
#10 C:/Users/agusp/Desktop/Clase/TFG/F1Fantasy/backend/vendor/laravel/framework/src/Illuminate/Database/Eloquent/Relations/HasOneOrMany.php(371): Illuminate/Database/Eloquent/Model->save()
#11 C:/Users/agusp/Desktop/Clase/TFG/F1Fantasy/backend/vendor/laravel/framework/src/Illuminate/Support/helpers.php(399): Illuminate/Database/Eloquent/Relations/HasOneOrMany->{closure:Illuminate/Database/Eloquent/Relations/HasOneOrMany::create():368}(Object(Laravel/Sanctum/PersonalAccessToken))
#12 C:/Users/agusp/Desktop/Clase/TFG/F1Fantasy/backend/vendor/laravel/framework/src/Illuminate/Database/Eloquent/Relations/HasOneOrMany.php(368): tap(Object(Laravel/Sanctum/PersonalAccessToken), Object(Closure))
#13 C:/Users/agusp/Desktop/Clase/TFG/F1Fantasy/backend/vendor/laravel/sanctum/src/HasApiTokens.php(64): Illuminate/Database/Eloquent/Relations/HasOneOrMany->create(Array)
#14 C:/Users/agusp/Desktop/Clase/TFG/F1Fantasy/backend/app/Http/Controllers/Api/AuthController.php(54): App/Models/User->createToken('auth_token')
#15 C:/Users/agusp/Desktop/Clase/TFG/F1Fantasy/backend/vendor/laravel/framework/src/Illuminate/Routing/ControllerDispatcher.php(47): App/Http/Controllers/Api/AuthController->login(Object(Illuminate/Http/Request))
#16 C:/Users/agusp/Desktop/Clase/TFG/F1Fantasy/backend/vendor/laravel/framework/src/Illuminate/Routing/Route.php(266): Illuminate/Routing/ControllerDispatcher->dispatch(Object(Illuminate/Routing/Route), Object(App/Http/Controllers/Api/AuthController), 'login')
#17 C:/Users/agusp/Desktop/Clase/TFG/F1Fantasy/backend/vendor/laravel/framework/src/Illuminate/Routing/Route.php(212): Illuminate/Routing/Route->runController()
#18 C:/Users/agusp/Desktop/Clase/TFG/F1Fantasy/backend/vendor/laravel/framework/src/Illuminate/Routing/Router.php(808): Illuminate/Routing/Route->run()
#19 C:/Users/agusp/Desktop/Clase/TFG/F1Fantasy/backend/vendor/laravel/framework/src/Illuminate/Pipeline/Pipeline.php(170): Illuminate/Routing/Router->{closure:Illuminate/Routing/Router::runRouteWithinStack():807}(Object(Illuminate/Http/Request))
#20 C:/Users/agusp/Desktop/Clase/TFG/F1Fantasy/backend/vendor/laravel/framework/src/Illuminate/Routing/Middleware/SubstituteBindings.php(51): Illuminate/Pipeline/Pipeline->{closure:Illuminate/Pipeline/Pipeline::prepareDestination():168}(Object(Illuminate/Http/Request))
#21 C:/Users/agusp/Desktop/Clase/TFG/F1Fantasy/backend/vendor/laravel/framework/src/Illuminate/Pipeline/Pipeline.php(209): Illuminate/Routing/Middleware/SubstituteBindings->handle(Object(Illuminate/Http/Request), Object(Closure))
#22 C:/Users/agusp/Desktop/Clase/TFG/F1Fantasy/backend/vendor/laravel/framework/src/Illuminate/Pipeline/Pipeline.php(127): Illuminate/Pipeline/Pipeline->{closure:{closure:Illuminate/Pipeline/Pipeline::carry():184}:185}(Object(Illuminate/Http/Request))
#23 C:/Users/agusp/Desktop/Clase/TFG/F1Fantasy/backend/vendor/laravel/framework/src/Illuminate/Routing/Router.php(807): Illuminate/Pipeline/Pipeline->then(Object(Closure))
#24 C:/Users/agusp/Desktop/Clase/TFG/F1Fantasy/backend/vendor/laravel/framework/src/Illuminate/Routing/Router.php(786): Illuminate/Routing/Router->runRouteWithinStack(Object(Illuminate/Routing/Route), Object(Illuminate/Http/Request))
#25 C:/Users/agusp/Desktop/Clase/TFG/F1Fantasy/backend/vendor/laravel/framework/src/Illuminate/Routing/Router.php(750): Illuminate/Routing/Router->runRoute(Object(Illuminate/Http/Request), Object(Illuminate/Routing/Route))
#26 C:/Users/agusp/Desktop/Clase/TFG/F1Fantasy/backend/vendor/laravel/framework/src/Illuminate/Routing/Router.php(739): Illuminate/Routing/Router->dispatchToRoute(Object(Illuminate/Http/Request))
#27 C:/Users/agusp/Desktop/Clase/TFG/F1Fantasy/backend/vendor/laravel/framework/src/Illuminate/Foundation/Http/Kernel.php(201): Illuminate/Routing/Router->dispatch(Object(Illuminate/Http/Request))
#28 C:/Users/agusp/Desktop/Clase/TFG/F1Fantasy/backend/vendor/laravel/framework/src/Illuminate/Pipeline/Pipeline.php(170): Illuminate/Foundation/Http/Kernel->{closure:Illuminate/Foundation/Http/Kernel::dispatchToRouter():198}(Object(Illuminate/Http/Request))
#29 C:/Users/agusp/Desktop/Clase/TFG/F1Fantasy/backend/vendor/laravel/framework/src/Illuminate/Foundation/Http/Middleware/TransformsRequest.php(21): Illuminate/Pipeline/Pipeline->{closure:Illuminate/Pipeline/Pipeline::prepareDestination():168}(Object(Illuminate/Http/Request))
#30 C:/Users/agusp/Desktop/Clase/TFG/F1Fantasy/backend/vendor/laravel/framework/src/Illuminate/Foundation/Http/Middleware/ConvertEmptyStringsToNull.php(31): Illuminate/Foundation/Http/Middleware/TransformsRequest->handle(Object(Illuminate/Http/Request), Object(Closure))
#31 C:/Users/agusp/Desktop/Clase/TFG/F1Fantasy/backend/vendor/laravel/framework/src/Illuminate/Pipeline/Pipeline.php(209): Illuminate/Foundation/Http/Middleware/ConvertEmptyStringsToNull->handle(Object(Illuminate/Http/Request), Object(Closure))
#32 C:/Users/agusp/Desktop/Clase/TFG/F1Fantasy/backend/vendor/laravel/framework/src/Illuminate/Foundation/Http/Middleware/TransformsRequest.php(21): Illuminate/Pipeline/Pipeline->{closure:{closure:Illuminate/Pipeline/Pipeline::carry():184}:185}(Object(Illuminate/Http/Request))
#33 C:/Users/agusp/Desktop/Clase/TFG/F1Fantasy/backend/vendor/laravel/framework/src/Illuminate/Foundation/Http/Middleware/TrimStrings.php(51): Illuminate/Foundation/Http/Middleware/TransformsRequest->handle(Object(Illuminate/Http/Request), Object(Closure))
#34 C:/Users/agusp/Desktop/Clase/TFG/F1Fantasy/backend/vendor/laravel/framework/src/Illuminate/Pipeline/Pipeline.php(209): Illuminate/Foundation/Http/Middleware/TrimStrings->handle(Object(Illuminate/Http/Request), Object(Closure))
#35 C:/Users/agusp/Desktop/Clase/TFG/F1Fantasy/backend/vendor/laravel/framework/src/Illuminate/Http/Middleware/ValidatePostSize.php(27): Illuminate/Pipeline/Pipeline->{closure:{closure:Illuminate/Pipeline/Pipeline::carry():184}:185}(Object(Illuminate/Http/Request))
#36 C:/Users/agusp/Desktop/Clase/TFG/F1Fantasy/backend/vendor/laravel/framework/src/Illuminate/Pipeline/Pipeline.php(209): Illuminate/Http/Middleware/ValidatePostSize->handle(Object(Illuminate/Http/Request), Object(Closure))
#37 C:/Users/agusp/Desktop/Clase/TFG/F1Fantasy/backend/vendor/laravel/framework/src/Illuminate/Foundation/Http/Middleware/PreventRequestsDuringMaintenance.php(110): Illuminate/Pipeline/Pipeline->{closure:{closure:Illuminate/Pipeline/Pipeline::carry():184}:185}(Object(Illuminate/Http/Request))
#38 C:/Users/agusp/Desktop/Clase/TFG/F1Fantasy/backend/vendor/laravel/framework/src/Illuminate/Pipeline/Pipeline.php(209): Illuminate/Foundation/Http/Middleware/PreventRequestsDuringMaintenance->handle(Object(Illuminate/Http/Request), Object(Closure))
#39 C:/Users/agusp/Desktop/Clase/TFG/F1Fantasy/backend/vendor/laravel/framework/src/Illuminate/Http/Middleware/HandleCors.php(62): Illuminate/Pipeline/Pipeline->{closure:{closure:Illuminate/Pipeline/Pipeline::carry():184}:185}(Object(Illuminate/Http/Request))
#40 C:/Users/agusp/Desktop/Clase/TFG/F1Fantasy/backend/vendor/laravel/framework/src/Illuminate/Pipeline/Pipeline.php(209): Illuminate/Http/Middleware/HandleCors->handle(Object(Illuminate/Http/Request), Object(Closure))
#41 C:/Users/agusp/Desktop/Clase/TFG/F1Fantasy/backend/vendor/laravel/framework/src/Illuminate/Http/Middleware/TrustProxies.php(58): Illuminate/Pipeline/Pipeline->{closure:{closure:Illuminate/Pipeline/Pipeline::carry():184}:185}(Object(Illuminate/Http/Request))
#42 C:/Users/agusp/Desktop/Clase/TFG/F1Fantasy/backend/vendor/laravel/framework/src/Illuminate/Pipeline/Pipeline.php(209): Illuminate/Http/Middleware/TrustProxies->handle(Object(Illuminate/Http/Request), Object(Closure))
#43 C:/Users/agusp/Desktop/Clase/TFG/F1Fantasy/backend/vendor/laravel/framework/src/Illuminate/Foundation/Http/Middleware/InvokeDeferredCallbacks.php(22): Illuminate/Pipeline/Pipeline->{closure:{closure:Illuminate/Pipeline/Pipeline::carry():184}:185}(Object(Illuminate/Http/Request))
#44 C:/Users/agusp/Desktop/Clase/TFG/F1Fantasy/backend/vendor/laravel/framework/src/Illuminate/Pipeline/Pipeline.php(209): Illuminate/Foundation/Http/Middleware/InvokeDeferredCallbacks->handle(Object(Illuminate/Http/Request), Object(Closure))
#45 C:/Users/agusp/Desktop/Clase/TFG/F1Fantasy/backend/vendor/laravel/framework/src/Illuminate/Pipeline/Pipeline.php(127): Illuminate/Pipeline/Pipeline->{closure:{closure:Illuminate/Pipeline/Pipeline::carry():184}:185}(Object(Illuminate/Http/Request))
#46 C:/Users/agusp/Desktop/Clase/TFG/F1Fantasy/backend/vendor/laravel/framework/src/Illuminate/Foundation/Http/Kernel.php(176): Illuminate/Pipeline/Pipeline->then(Object(Closure))
#47 C:/Users/agusp/Desktop/Clase/TFG/F1Fantasy/backend/vendor/laravel/framework/src/Illuminate/Foundation/Http/Kernel.php(145): Illuminate/Foundation/Http/Kernel->sendRequestThroughRouter(Object(Illuminate/Http/Request))
#48 C:/Users/agusp/Desktop/Clase/TFG/F1Fantasy/backend/vendor/laravel/framework/src/Illuminate/Foundation/Application.php(1220): Illuminate/Foundation/Http/Kernel->handle(Object(Illuminate/Http/Request))
#49 C:/Users/agusp/Desktop/Clase/TFG/F1Fantasy/backend/public/index.php(17): Illuminate/Foundation/Application->handleRequest(Object(Illuminate/Http/Request))
#50 C:/Users/agusp/Desktop/Clase/TFG/F1Fantasy/backend/vendor/laravel/framework/src/Illuminate/Foundation/resources/server.php(23): require_once('C://Users//agusp//...')
#51 {main}
"} 
[2026-04-23 20:30:46] local.ERROR: cURL error 60: SSL peer certificate or SSH remote key was not OK (see https://curl.haxx.se/libcurl/c/libcurl-errors.html) for https://api.jolpi.ca/ergast/f1/2026/drivers.json {"userId":1,"exception":"[object] (GuzzleHttp\\Exception\\RequestException(code: 0): cURL error 60: SSL peer certificate or SSH remote key was not OK (see https://curl.haxx.se/libcurl/c/libcurl-errors.html) for https://api.jolpi.ca/ergast/f1/2026/drivers.json at C:/Users/agusp/Desktop/Clase/TFG/F1Fantasy/backend/vendor/guzzlehttp/guzzle/src/Handler/CurlFactory.php:278)
[stacktrace]
#0 C:/Users/agusp/Desktop/Clase/TFG/F1Fantasy/backend/vendor/guzzlehttp/guzzle/src/Handler/CurlFactory.php(207): GuzzleHttp/Handler/CurlFactory::createRejection(Object(GuzzleHttp/Handler/EasyHandle), Array)
#1 C:/Users/agusp/Desktop/Clase/TFG/F1Fantasy/backend/vendor/guzzlehttp/guzzle/src/Handler/CurlFactory.php(159): GuzzleHttp/Handler/CurlFactory::finishError(Object(GuzzleHttp/Handler/CurlHandler), Object(GuzzleHttp/Handler/EasyHandle), Object(GuzzleHttp/Handler/CurlFactory))
#2 C:/Users/agusp/Desktop/Clase/TFG/F1Fantasy/backend/vendor/guzzlehttp/guzzle/src/Handler/CurlHandler.php(47): GuzzleHttp/Handler/CurlFactory::finish(Object(GuzzleHttp/Handler/CurlHandler), Object(GuzzleHttp/Handler/EasyHandle), Object(GuzzleHttp/Handler/CurlFactory))
#3 C:/Users/agusp/Desktop/Clase/TFG/F1Fantasy/backend/vendor/guzzlehttp/guzzle/src/Handler/Proxy.php(28): GuzzleHttp/Handler/CurlHandler->__invoke(Object(GuzzleHttp/Psr7/Request), Array)
#4 C:/Users/agusp/Desktop/Clase/TFG/F1Fantasy/backend/vendor/guzzlehttp/guzzle/src/Handler/Proxy.php(48): GuzzleHttp/Handler/Proxy::{closure:GuzzleHttp/Handler/Proxy::wrapSync():27}(Object(GuzzleHttp/Psr7/Request), Array)
#5 C:/Users/agusp/Desktop/Clase/TFG/F1Fantasy/backend/vendor/laravel/framework/src/Illuminate/Http/Client/PendingRequest.php(1340): GuzzleHttp/Handler/Proxy::{closure:GuzzleHttp/Handler/Proxy::wrapStreaming():47}(Object(GuzzleHttp/Psr7/Request), Array)
#6 C:/Users/agusp/Desktop/Clase/TFG/F1Fantasy/backend/vendor/laravel/framework/src/Illuminate/Http/Client/PendingRequest.php(1306): Illuminate/Http/Client/PendingRequest->{closure:{closure:Illuminate/Http/Client/PendingRequest::buildStubHandler():1327}:1328}(Object(GuzzleHttp/Psr7/Request), Array)
#7 C:/Users/agusp/Desktop/Clase/TFG/F1Fantasy/backend/vendor/laravel/framework/src/Illuminate/Http/Client/PendingRequest.php(1292): Illuminate/Http/Client/PendingRequest->{closure:{closure:Illuminate/Http/Client/PendingRequest::buildRecorderHandler():1304}:1305}(Object(GuzzleHttp/Psr7/Request), Array)
#8 C:/Users/agusp/Desktop/Clase/TFG/F1Fantasy/backend/vendor/guzzlehttp/guzzle/src/PrepareBodyMiddleware.php(35): Illuminate/Http/Client/PendingRequest->{closure:{closure:Illuminate/Http/Client/PendingRequest::buildBeforeSendingHandler():1290}:1291}(Object(GuzzleHttp/Psr7/Request), Array)
#9 C:/Users/agusp/Desktop/Clase/TFG/F1Fantasy/backend/vendor/guzzlehttp/guzzle/src/Middleware.php(38): GuzzleHttp/PrepareBodyMiddleware->__invoke(Object(GuzzleHttp/Psr7/Request), Array)
#10 C:/Users/agusp/Desktop/Clase/TFG/F1Fantasy/backend/vendor/guzzlehttp/guzzle/src/RedirectMiddleware.php(71): GuzzleHttp/Middleware::{closure:{closure:GuzzleHttp/Middleware::cookies():28}:29}(Object(GuzzleHttp/Psr7/Request), Array)
#11 C:/Users/agusp/Desktop/Clase/TFG/F1Fantasy/backend/vendor/guzzlehttp/guzzle/src/Middleware.php(63): GuzzleHttp/RedirectMiddleware->__invoke(Object(GuzzleHttp/Psr7/Request), Array)
#12 C:/Users/agusp/Desktop/Clase/TFG/F1Fantasy/backend/vendor/guzzlehttp/guzzle/src/HandlerStack.php(75): GuzzleHttp/Middleware::{closure:{closure:GuzzleHttp/Middleware::httpErrors():60}:61}(Object(GuzzleHttp/Psr7/Request), Array)
#13 C:/Users/agusp/Desktop/Clase/TFG/F1Fantasy/backend/vendor/guzzlehttp/guzzle/src/Client.php(333): GuzzleHttp/HandlerStack->__invoke(Object(GuzzleHttp/Psr7/Request), Array)
#14 C:/Users/agusp/Desktop/Clase/TFG/F1Fantasy/backend/vendor/guzzlehttp/guzzle/src/Client.php(169): GuzzleHttp/Client->transfer(Object(GuzzleHttp/Psr7/Request), Array)
#15 C:/Users/agusp/Desktop/Clase/TFG/F1Fantasy/backend/vendor/guzzlehttp/guzzle/src/Client.php(189): GuzzleHttp/Client->requestAsync('GET', Object(GuzzleHttp/Psr7/Uri), Array)
#16 C:/Users/agusp/Desktop/Clase/TFG/F1Fantasy/backend/vendor/laravel/framework/src/Illuminate/Http/Client/PendingRequest.php(1138): GuzzleHttp/Client->request('GET', 'https://api.jol...', Array)
#17 C:/Users/agusp/Desktop/Clase/TFG/F1Fantasy/backend/vendor/laravel/framework/src/Illuminate/Http/Client/PendingRequest.php(907): Illuminate/Http/Client/PendingRequest->sendRequest('GET', 'https://api.jol...', Array)
#18 C:/Users/agusp/Desktop/Clase/TFG/F1Fantasy/backend/vendor/laravel/framework/src/Illuminate/Support/helpers.php(338): Illuminate/Http/Client/PendingRequest->{closure:Illuminate/Http/Client/PendingRequest::send():905}(1)
#19 C:/Users/agusp/Desktop/Clase/TFG/F1Fantasy/backend/vendor/laravel/framework/src/Illuminate/Http/Client/PendingRequest.php(905): retry(0, Object(Closure), 100, Object(Closure))
#20 C:/Users/agusp/Desktop/Clase/TFG/F1Fantasy/backend/vendor/laravel/framework/src/Illuminate/Http/Client/PendingRequest.php(772): Illuminate/Http/Client/PendingRequest->send('GET', 'https://api.jol...', Array)
#21 C:/Users/agusp/Desktop/Clase/TFG/F1Fantasy/backend/vendor/laravel/framework/src/Illuminate/Http/Client/Factory.php(510): Illuminate/Http/Client/PendingRequest->get('https://api.jol...')
#22 C:/Users/agusp/Desktop/Clase/TFG/F1Fantasy/backend/vendor/laravel/framework/src/Illuminate/Support/Facades/Facade.php(361): Illuminate/Http/Client/Factory->__call('get', Array)
#23 C:/Users/agusp/Desktop/Clase/TFG/F1Fantasy/backend/app/Services/F1ApiService.php(29): Illuminate/Support/Facades/Facade::__callStatic('get', Array)
#24 C:/Users/agusp/Desktop/Clase/TFG/F1Fantasy/backend/app/Services/F1ApiService.php(41): App/Services/F1ApiService->getDrivers(2026)
#25 C:/Users/agusp/Desktop/Clase/TFG/F1Fantasy/backend/app/Http/Controllers/Admin/AdminRaceController.php(26): App/Services/F1ApiService->syncDrivers(2026)
#26 C:/Users/agusp/Desktop/Clase/TFG/F1Fantasy/backend/vendor/laravel/framework/src/Illuminate/Routing/ControllerDispatcher.php(47): App/Http/Controllers/Admin/AdminRaceController->syncF1Data(Object(Illuminate/Http/Request))
#27 C:/Users/agusp/Desktop/Clase/TFG/F1Fantasy/backend/vendor/laravel/framework/src/Illuminate/Routing/Route.php(266): Illuminate/Routing/ControllerDispatcher->dispatch(Object(Illuminate/Routing/Route), Object(App/Http/Controllers/Admin/AdminRaceController), 'syncF1Data')
#28 C:/Users/agusp/Desktop/Clase/TFG/F1Fantasy/backend/vendor/laravel/framework/src/Illuminate/Routing/Route.php(212): Illuminate/Routing/Route->runController()
#29 C:/Users/agusp/Desktop/Clase/TFG/F1Fantasy/backend/vendor/laravel/framework/src/Illuminate/Routing/Router.php(808): Illuminate/Routing/Route->run()
#30 C:/Users/agusp/Desktop/Clase/TFG/F1Fantasy/backend/vendor/laravel/framework/src/Illuminate/Pipeline/Pipeline.php(170): Illuminate/Routing/Router->{closure:Illuminate/Routing/Router::runRouteWithinStack():807}(Object(Illuminate/Http/Request))
#31 C:/Users/agusp/Desktop/Clase/TFG/F1Fantasy/backend/app/Http/Middleware/IsAdmin.php(19): Illuminate/Pipeline/Pipeline->{closure:Illuminate/Pipeline/Pipeline::prepareDestination():168}(Object(Illuminate/Http/Request))
#32 C:/Users/agusp/Desktop/Clase/TFG/F1Fantasy/backend/vendor/laravel/framework/src/Illuminate/Pipeline/Pipeline.php(209): App/Http/Middleware/IsAdmin->handle(Object(Illuminate/Http/Request), Object(Closure))
#33 C:/Users/agusp/Desktop/Clase/TFG/F1Fantasy/backend/vendor/laravel/framework/src/Illuminate/Routing/Middleware/SubstituteBindings.php(51): Illuminate/Pipeline/Pipeline->{closure:{closure:Illuminate/Pipeline/Pipeline::carry():184}:185}(Object(Illuminate/Http/Request))
#34 C:/Users/agusp/Desktop/Clase/TFG/F1Fantasy/backend/vendor/laravel/framework/src/Illuminate/Pipeline/Pipeline.php(209): Illuminate/Routing/Middleware/SubstituteBindings->handle(Object(Illuminate/Http/Request), Object(Closure))
#35 C:/Users/agusp/Desktop/Clase/TFG/F1Fantasy/backend/vendor/laravel/framework/src/Illuminate/Auth/Middleware/Authenticate.php(64): Illuminate/Pipeline/Pipeline->{closure:{closure:Illuminate/Pipeline/Pipeline::carry():184}:185}(Object(Illuminate/Http/Request))
#36 C:/Users/agusp/Desktop/Clase/TFG/F1Fantasy/backend/vendor/laravel/framework/src/Illuminate/Pipeline/Pipeline.php(209): Illuminate/Auth/Middleware/Authenticate->handle(Object(Illuminate/Http/Request), Object(Closure), 'sanctum')
#37 C:/Users/agusp/Desktop/Clase/TFG/F1Fantasy/backend/vendor/laravel/framework/src/Illuminate/Pipeline/Pipeline.php(127): Illuminate/Pipeline/Pipeline->{closure:{closure:Illuminate/Pipeline/Pipeline::carry():184}:185}(Object(Illuminate/Http/Request))
#38 C:/Users/agusp/Desktop/Clase/TFG/F1Fantasy/backend/vendor/laravel/framework/src/Illuminate/Routing/Router.php(807): Illuminate/Pipeline/Pipeline->then(Object(Closure))
#39 C:/Users/agusp/Desktop/Clase/TFG/F1Fantasy/backend/vendor/laravel/framework/src/Illuminate/Routing/Router.php(786): Illuminate/Routing/Router->runRouteWithinStack(Object(Illuminate/Routing/Route), Object(Illuminate/Http/Request))
#40 C:/Users/agusp/Desktop/Clase/TFG/F1Fantasy/backend/vendor/laravel/framework/src/Illuminate/Routing/Router.php(750): Illuminate/Routing/Router->runRoute(Object(Illuminate/Http/Request), Object(Illuminate/Routing/Route))
#41 C:/Users/agusp/Desktop/Clase/TFG/F1Fantasy/backend/vendor/laravel/framework/src/Illuminate/Routing/Router.php(739): Illuminate/Routing/Router->dispatchToRoute(Object(Illuminate/Http/Request))
#42 C:/Users/agusp/Desktop/Clase/TFG/F1Fantasy/backend/vendor/laravel/framework/src/Illuminate/Foundation/Http/Kernel.php(201): Illuminate/Routing/Router->dispatch(Object(Illuminate/Http/Request))
#43 C:/Users/agusp/Desktop/Clase/TFG/F1Fantasy/backend/vendor/laravel/framework/src/Illuminate/Pipeline/Pipeline.php(170): Illuminate/Foundation/Http/Kernel->{closure:Illuminate/Foundation/Http/Kernel::dispatchToRouter():198}(Object(Illuminate/Http/Request))
#44 C:/Users/agusp/Desktop/Clase/TFG/F1Fantasy/backend/vendor/laravel/framework/src/Illuminate/Foundation/Http/Middleware/TransformsRequest.php(21): Illuminate/Pipeline/Pipeline->{closure:Illuminate/Pipeline/Pipeline::prepareDestination():168}(Object(Illuminate/Http/Request))
#45 C:/Users/agusp/Desktop/Clase/TFG/F1Fantasy/backend/vendor/laravel/framework/src/Illuminate/Foundation/Http/Middleware/ConvertEmptyStringsToNull.php(31): Illuminate/Foundation/Http/Middleware/TransformsRequest->handle(Object(Illuminate/Http/Request), Object(Closure))
#46 C:/Users/agusp/Desktop/Clase/TFG/F1Fantasy/backend/vendor/laravel/framework/src/Illuminate/Pipeline/Pipeline.php(209): Illuminate/Foundation/Http/Middleware/ConvertEmptyStringsToNull->handle(Object(Illuminate/Http/Request), Object(Closure))
#47 C:/Users/agusp/Desktop/Clase/TFG/F1Fantasy/backend/vendor/laravel/framework/src/Illuminate/Foundation/Http/Middleware/TransformsRequest.php(21): Illuminate/Pipeline/Pipeline->{closure:{closure:Illuminate/Pipeline/Pipeline::carry():184}:185}(Object(Illuminate/Http/Request))
#48 C:/Users/agusp/Desktop/Clase/TFG/F1Fantasy/backend/vendor/laravel/framework/src/Illuminate/Foundation/Http/Middleware/TrimStrings.php(51): Illuminate/Foundation/Http/Middleware/TransformsRequest->handle(Object(Illuminate/Http/Request), Object(Closure))
#49 C:/Users/agusp/Desktop/Clase/TFG/F1Fantasy/backend/vendor/laravel/framework/src/Illuminate/Pipeline/Pipeline.php(209): Illuminate/Foundation/Http/Middleware/TrimStrings->handle(Object(Illuminate/Http/Request), Object(Closure))
#50 C:/Users/agusp/Desktop/Clase/TFG/F1Fantasy/backend/vendor/laravel/framework/src/Illuminate/Http/Middleware/ValidatePostSize.php(27): Illuminate/Pipeline/Pipeline->{closure:{closure:Illuminate/Pipeline/Pipeline::carry():184}:185}(Object(Illuminate/Http/Request))
#51 C:/Users/agusp/Desktop/Clase/TFG/F1Fantasy/backend/vendor/laravel/framework/src/Illuminate/Pipeline/Pipeline.php(209): Illuminate/Http/Middleware/ValidatePostSize->handle(Object(Illuminate/Http/Request), Object(Closure))
#52 C:/Users/agusp/Desktop/Clase/TFG/F1Fantasy/backend/vendor/laravel/framework/src/Illuminate/Foundation/Http/Middleware/PreventRequestsDuringMaintenance.php(110): Illuminate/Pipeline/Pipeline->{closure:{closure:Illuminate/Pipeline/Pipeline::carry():184}:185}(Object(Illuminate/Http/Request))
#53 C:/Users/agusp/Desktop/Clase/TFG/F1Fantasy/backend/vendor/laravel/framework/src/Illuminate/Pipeline/Pipeline.php(209): Illuminate/Foundation/Http/Middleware/PreventRequestsDuringMaintenance->handle(Object(Illuminate/Http/Request), Object(Closure))
#54 C:/Users/agusp/Desktop/Clase/TFG/F1Fantasy/backend/vendor/laravel/framework/src/Illuminate/Http/Middleware/HandleCors.php(62): Illuminate/Pipeline/Pipeline->{closure:{closure:Illuminate/Pipeline/Pipeline::carry():184}:185}(Object(Illuminate/Http/Request))
#55 C:/Users/agusp/Desktop/Clase/TFG/F1Fantasy/backend/vendor/laravel/framework/src/Illuminate/Pipeline/Pipeline.php(209): Illuminate/Http/Middleware/HandleCors->handle(Object(Illuminate/Http/Request), Object(Closure))
#56 C:/Users/agusp/Desktop/Clase/TFG/F1Fantasy/backend/vendor/laravel/framework/src/Illuminate/Http/Middleware/TrustProxies.php(58): Illuminate/Pipeline/Pipeline->{closure:{closure:Illuminate/Pipeline/Pipeline::carry():184}:185}(Object(Illuminate/Http/Request))
#57 C:/Users/agusp/Desktop/Clase/TFG/F1Fantasy/backend/vendor/laravel/framework/src/Illuminate/Pipeline/Pipeline.php(209): Illuminate/Http/Middleware/TrustProxies->handle(Object(Illuminate/Http/Request), Object(Closure))
#58 C:/Users/agusp/Desktop/Clase/TFG/F1Fantasy/backend/vendor/laravel/framework/src/Illuminate/Foundation/Http/Middleware/InvokeDeferredCallbacks.php(22): Illuminate/Pipeline/Pipeline->{closure:{closure:Illuminate/Pipeline/Pipeline::carry():184}:185}(Object(Illuminate/Http/Request))
#59 C:/Users/agusp/Desktop/Clase/TFG/F1Fantasy/backend/vendor/laravel/framework/src/Illuminate/Pipeline/Pipeline.php(209): Illuminate/Foundation/Http/Middleware/InvokeDeferredCallbacks->handle(Object(Illuminate/Http/Request), Object(Closure))
#60 C:/Users/agusp/Desktop/Clase/TFG/F1Fantasy/backend/vendor/laravel/framework/src/Illuminate/Pipeline/Pipeline.php(127): Illuminate/Pipeline/Pipeline->{closure:{closure:Illuminate/Pipeline/Pipeline::carry():184}:185}(Object(Illuminate/Http/Request))
#61 C:/Users/agusp/Desktop/Clase/TFG/F1Fantasy/backend/vendor/laravel/framework/src/Illuminate/Foundation/Http/Kernel.php(176): Illuminate/Pipeline/Pipeline->then(Object(Closure))
#62 C:/Users/agusp/Desktop/Clase/TFG/F1Fantasy/backend/vendor/laravel/framework/src/Illuminate/Foundation/Http/Kernel.php(145): Illuminate/Foundation/Http/Kernel->sendRequestThroughRouter(Object(Illuminate/Http/Request))
#63 C:/Users/agusp/Desktop/Clase/TFG/F1Fantasy/backend/vendor/laravel/framework/src/Illuminate/Foundation/Application.php(1220): Illuminate/Foundation/Http/Kernel->handle(Object(Illuminate/Http/Request))
#64 C:/Users/agusp/Desktop/Clase/TFG/F1Fantasy/backend/public/index.php(17): Illuminate/Foundation/Application->handleRequest(Object(Illuminate/Http/Request))
#65 C:/Users/agusp/Desktop/Clase/TFG/F1Fantasy/backend/vendor/laravel/framework/src/Illuminate/Foundation/resources/server.php(23): require_once('C://Users//agusp//...')
#66 {main}
"} 
[2026-04-24 10:59:42] local.ERROR: SQLSTATE[42S02]: Base table or view not found: 1146 Table 'f1fantasy.cache' doesn't exist (Connection: mysql, SQL: delete from `cache`) {"exception":"[object] (Illuminate\\Database\\QueryException(code: 42S02): SQLSTATE[42S02]: Base table or view not found: 1146 Table 'f1fantasy.cache' doesn't exist (Connection: mysql, SQL: delete from `cache`) at C:/Users/agusp/Desktop/Clase/TFG/F1Fantasy/backend/vendor/laravel/framework/src/Illuminate/Database/Connection.php:825)
[stacktrace]
#0 C:/Users/agusp/Desktop/Clase/TFG/F1Fantasy/backend/vendor/laravel/framework/src/Illuminate/Database/Connection.php(779): Illuminate/Database/Connection->runQueryCallback('delete from `ca...', Array, Object(Closure))
#1 C:/Users/agusp/Desktop/Clase/TFG/F1Fantasy/backend/vendor/laravel/framework/src/Illuminate/Database/Connection.php(584): Illuminate/Database/Connection->run('delete from `ca...', Array, Object(Closure))
#2 C:/Users/agusp/Desktop/Clase/TFG/F1Fantasy/backend/vendor/laravel/framework/src/Illuminate/Database/Connection.php(548): Illuminate/Database/Connection->affectingStatement('delete from `ca...', Array)
#3 C:/Users/agusp/Desktop/Clase/TFG/F1Fantasy/backend/vendor/laravel/framework/src/Illuminate/Database/Query/Builder.php(4024): Illuminate/Database/Connection->delete('delete from `ca...', Array)
#4 C:/Users/agusp/Desktop/Clase/TFG/F1Fantasy/backend/vendor/laravel/framework/src/Illuminate/Cache/DatabaseStore.php(422): Illuminate/Database/Query/Builder->delete()
#5 C:/Users/agusp/Desktop/Clase/TFG/F1Fantasy/backend/vendor/laravel/framework/src/Illuminate/Cache/Repository.php(792): Illuminate/Cache/DatabaseStore->flush()
#6 C:/Users/agusp/Desktop/Clase/TFG/F1Fantasy/backend/vendor/laravel/framework/src/Illuminate/Cache/Console/ClearCommand.php(69): Illuminate/Cache/Repository->__call('flush', Array)
#7 C:/Users/agusp/Desktop/Clase/TFG/F1Fantasy/backend/vendor/laravel/framework/src/Illuminate/Container/BoundMethod.php(36): Illuminate/Cache/Console/ClearCommand->handle()
#8 C:/Users/agusp/Desktop/Clase/TFG/F1Fantasy/backend/vendor/laravel/framework/src/Illuminate/Container/Util.php(43): Illuminate/Container/BoundMethod::{closure:Illuminate/Container/BoundMethod::call():35}()
#9 C:/Users/agusp/Desktop/Clase/TFG/F1Fantasy/backend/vendor/laravel/framework/src/Illuminate/Container/BoundMethod.php(95): Illuminate/Container/Util::unwrapIfClosure(Object(Closure))
#10 C:/Users/agusp/Desktop/Clase/TFG/F1Fantasy/backend/vendor/laravel/framework/src/Illuminate/Container/BoundMethod.php(35): Illuminate/Container/BoundMethod::callBoundMethod(Object(Illuminate/Foundation/Application), Array, Object(Closure))
#11 C:/Users/agusp/Desktop/Clase/TFG/F1Fantasy/backend/vendor/laravel/framework/src/Illuminate/Container/Container.php(696): Illuminate/Container/BoundMethod::call(Object(Illuminate/Foundation/Application), Array, Array, NULL)
#12 C:/Users/agusp/Desktop/Clase/TFG/F1Fantasy/backend/vendor/laravel/framework/src/Illuminate/Console/Command.php(213): Illuminate/Container/Container->call(Array)
#13 C:/Users/agusp/Desktop/Clase/TFG/F1Fantasy/backend/vendor/symfony/console/Command/Command.php(341): Illuminate/Console/Command->execute(Object(Symfony/Component/Console/Input/ArgvInput), Object(Illuminate/Console/OutputStyle))
#14 C:/Users/agusp/Desktop/Clase/TFG/F1Fantasy/backend/vendor/laravel/framework/src/Illuminate/Console/Command.php(182): Symfony/Component/Console/Command/Command->run(Object(Symfony/Component/Console/Input/ArgvInput), Object(Illuminate/Console/OutputStyle))
#15 C:/Users/agusp/Desktop/Clase/TFG/F1Fantasy/backend/vendor/symfony/console/Application.php(1117): Illuminate/Console/Command->run(Object(Symfony/Component/Console/Input/ArgvInput), Object(Symfony/Component/Console/Output/ConsoleOutput))
#16 C:/Users/agusp/Desktop/Clase/TFG/F1Fantasy/backend/vendor/symfony/console/Application.php(356): Symfony/Component/Console/Application->doRunCommand(Object(Illuminate/Cache/Console/ClearCommand), Object(Symfony/Component/Console/Input/ArgvInput), Object(Symfony/Component/Console/Output/ConsoleOutput))
#17 C:/Users/agusp/Desktop/Clase/TFG/F1Fantasy/backend/vendor/symfony/console/Application.php(195): Symfony/Component/Console/Application->doRun(Object(Symfony/Component/Console/Input/ArgvInput), Object(Symfony/Component/Console/Output/ConsoleOutput))
#18 C:/Users/agusp/Desktop/Clase/TFG/F1Fantasy/backend/vendor/laravel/framework/src/Illuminate/Foundation/Console/Kernel.php(198): Symfony/Component/Console/Application->run(Object(Symfony/Component/Console/Input/ArgvInput), Object(Symfony/Component/Console/Output/ConsoleOutput))
#19 C:/Users/agusp/Desktop/Clase/TFG/F1Fantasy/backend/vendor/laravel/framework/src/Illuminate/Foundation/Application.php(1235): Illuminate/Foundation/Console/Kernel->handle(Object(Symfony/Component/Console/Input/ArgvInput), Object(Symfony/Component/Console/Output/ConsoleOutput))
#20 C:/Users/agusp/Desktop/Clase/TFG/F1Fantasy/backend/artisan(13): Illuminate/Foundation/Application->handleCommand(Object(Symfony/Component/Console/Input/ArgvInput))
#21 {main}

[previous exception] [object] (PDOException(code: 42S02): SQLSTATE[42S02]: Base table or view not found: 1146 Table 'f1fantasy.cache' doesn't exist at C:/Users/agusp/Desktop/Clase/TFG/F1Fantasy/backend/vendor/laravel/framework/src/Illuminate/Database/Connection.php:592)
[stacktrace]
#0 C:/Users/agusp/Desktop/Clase/TFG/F1Fantasy/backend/vendor/laravel/framework/src/Illuminate/Database/Connection.php(592): PDO->prepare('delete from `ca...')
#1 C:/Users/agusp/Desktop/Clase/TFG/F1Fantasy/backend/vendor/laravel/framework/src/Illuminate/Database/Connection.php(812): Illuminate/Database/Connection->{closure:Illuminate/Database/Connection::affectingStatement():584}('delete from `ca...', Array)
#2 C:/Users/agusp/Desktop/Clase/TFG/F1Fantasy/backend/vendor/laravel/framework/src/Illuminate/Database/Connection.php(779): Illuminate/Database/Connection->runQueryCallback('delete from `ca...', Array, Object(Closure))
#3 C:/Users/agusp/Desktop/Clase/TFG/F1Fantasy/backend/vendor/laravel/framework/src/Illuminate/Database/Connection.php(584): Illuminate/Database/Connection->run('delete from `ca...', Array, Object(Closure))
#4 C:/Users/agusp/Desktop/Clase/TFG/F1Fantasy/backend/vendor/laravel/framework/src/Illuminate/Database/Connection.php(548): Illuminate/Database/Connection->affectingStatement('delete from `ca...', Array)
#5 C:/Users/agusp/Desktop/Clase/TFG/F1Fantasy/backend/vendor/laravel/framework/src/Illuminate/Database/Query/Builder.php(4024): Illuminate/Database/Connection->delete('delete from `ca...', Array)
#6 C:/Users/agusp/Desktop/Clase/TFG/F1Fantasy/backend/vendor/laravel/framework/src/Illuminate/Cache/DatabaseStore.php(422): Illuminate/Database/Query/Builder->delete()
#7 C:/Users/agusp/Desktop/Clase/TFG/F1Fantasy/backend/vendor/laravel/framework/src/Illuminate/Cache/Repository.php(792): Illuminate/Cache/DatabaseStore->flush()
#8 C:/Users/agusp/Desktop/Clase/TFG/F1Fantasy/backend/vendor/laravel/framework/src/Illuminate/Cache/Console/ClearCommand.php(69): Illuminate/Cache/Repository->__call('flush', Array)
#9 C:/Users/agusp/Desktop/Clase/TFG/F1Fantasy/backend/vendor/laravel/framework/src/Illuminate/Container/BoundMethod.php(36): Illuminate/Cache/Console/ClearCommand->handle()
#10 C:/Users/agusp/Desktop/Clase/TFG/F1Fantasy/backend/vendor/laravel/framework/src/Illuminate/Container/Util.php(43): Illuminate/Container/BoundMethod::{closure:Illuminate/Container/BoundMethod::call():35}()
#11 C:/Users/agusp/Desktop/Clase/TFG/F1Fantasy/backend/vendor/laravel/framework/src/Illuminate/Container/BoundMethod.php(95): Illuminate/Container/Util::unwrapIfClosure(Object(Closure))
#12 C:/Users/agusp/Desktop/Clase/TFG/F1Fantasy/backend/vendor/laravel/framework/src/Illuminate/Container/BoundMethod.php(35): Illuminate/Container/BoundMethod::callBoundMethod(Object(Illuminate/Foundation/Application), Array, Object(Closure))
#13 C:/Users/agusp/Desktop/Clase/TFG/F1Fantasy/backend/vendor/laravel/framework/src/Illuminate/Container/Container.php(696): Illuminate/Container/BoundMethod::call(Object(Illuminate/Foundation/Application), Array, Array, NULL)
#14 C:/Users/agusp/Desktop/Clase/TFG/F1Fantasy/backend/vendor/laravel/framework/src/Illuminate/Console/Command.php(213): Illuminate/Container/Container->call(Array)
#15 C:/Users/agusp/Desktop/Clase/TFG/F1Fantasy/backend/vendor/symfony/console/Command/Command.php(341): Illuminate/Console/Command->execute(Object(Symfony/Component/Console/Input/ArgvInput), Object(Illuminate/Console/OutputStyle))
#16 C:/Users/agusp/Desktop/Clase/TFG/F1Fantasy/backend/vendor/laravel/framework/src/Illuminate/Console/Command.php(182): Symfony/Component/Console/Command/Command->run(Object(Symfony/Component/Console/Input/ArgvInput), Object(Illuminate/Console/OutputStyle))
#17 C:/Users/agusp/Desktop/Clase/TFG/F1Fantasy/backend/vendor/symfony/console/Application.php(1117): Illuminate/Console/Command->run(Object(Symfony/Component/Console/Input/ArgvInput), Object(Symfony/Component/Console/Output/ConsoleOutput))
#18 C:/Users/agusp/Desktop/Clase/TFG/F1Fantasy/backend/vendor/symfony/console/Application.php(356): Symfony/Component/Console/Application->doRunCommand(Object(Illuminate/Cache/Console/ClearCommand), Object(Symfony/Component/Console/Input/ArgvInput), Object(Symfony/Component/Console/Output/ConsoleOutput))
#19 C:/Users/agusp/Desktop/Clase/TFG/F1Fantasy/backend/vendor/symfony/console/Application.php(195): Symfony/Component/Console/Application->doRun(Object(Symfony/Component/Console/Input/ArgvInput), Object(Symfony/Component/Console/Output/ConsoleOutput))
#20 C:/Users/agusp/Desktop/Clase/TFG/F1Fantasy/backend/vendor/laravel/framework/src/Illuminate/Foundation/Console/Kernel.php(198): Symfony/Component/Console/Application->run(Object(Symfony/Component/Console/Input/ArgvInput), Object(Symfony/Component/Console/Output/ConsoleOutput))
#21 C:/Users/agusp/Desktop/Clase/TFG/F1Fantasy/backend/vendor/laravel/framework/src/Illuminate/Foundation/Application.php(1235): Illuminate/Foundation/Console/Kernel->handle(Object(Symfony/Component/Console/Input/ArgvInput), Object(Symfony/Component/Console/Output/ConsoleOutput))
#22 C:/Users/agusp/Desktop/Clase/TFG/F1Fantasy/backend/artisan(13): Illuminate/Foundation/Application->handleCommand(Object(Symfony/Component/Console/Input/ArgvInput))
#23 {main}
"} 
[2026-04-24 10:59:50] local.ERROR: SQLSTATE[42S02]: Base table or view not found: 1146 Table 'f1fantasy.cache' doesn't exist (Connection: mysql, SQL: delete from `cache`) {"exception":"[object] (Illuminate\\Database\\QueryException(code: 42S02): SQLSTATE[42S02]: Base table or view not found: 1146 Table 'f1fantasy.cache' doesn't exist (Connection: mysql, SQL: delete from `cache`) at C:/Users/agusp/Desktop/Clase/TFG/F1Fantasy/backend/vendor/laravel/framework/src/Illuminate/Database/Connection.php:825)
[stacktrace]
#0 C:/Users/agusp/Desktop/Clase/TFG/F1Fantasy/backend/vendor/laravel/framework/src/Illuminate/Database/Connection.php(779): Illuminate/Database/Connection->runQueryCallback('delete from `ca...', Array, Object(Closure))
#1 C:/Users/agusp/Desktop/Clase/TFG/F1Fantasy/backend/vendor/laravel/framework/src/Illuminate/Database/Connection.php(584): Illuminate/Database/Connection->run('delete from `ca...', Array, Object(Closure))
#2 C:/Users/agusp/Desktop/Clase/TFG/F1Fantasy/backend/vendor/laravel/framework/src/Illuminate/Database/Connection.php(548): Illuminate/Database/Connection->affectingStatement('delete from `ca...', Array)
#3 C:/Users/agusp/Desktop/Clase/TFG/F1Fantasy/backend/vendor/laravel/framework/src/Illuminate/Database/Query/Builder.php(4024): Illuminate/Database/Connection->delete('delete from `ca...', Array)
#4 C:/Users/agusp/Desktop/Clase/TFG/F1Fantasy/backend/vendor/laravel/framework/src/Illuminate/Cache/DatabaseStore.php(422): Illuminate/Database/Query/Builder->delete()
#5 C:/Users/agusp/Desktop/Clase/TFG/F1Fantasy/backend/vendor/laravel/framework/src/Illuminate/Cache/Repository.php(792): Illuminate/Cache/DatabaseStore->flush()
#6 C:/Users/agusp/Desktop/Clase/TFG/F1Fantasy/backend/vendor/laravel/framework/src/Illuminate/Cache/Console/ClearCommand.php(69): Illuminate/Cache/Repository->__call('flush', Array)
#7 C:/Users/agusp/Desktop/Clase/TFG/F1Fantasy/backend/vendor/laravel/framework/src/Illuminate/Container/BoundMethod.php(36): Illuminate/Cache/Console/ClearCommand->handle()
#8 C:/Users/agusp/Desktop/Clase/TFG/F1Fantasy/backend/vendor/laravel/framework/src/Illuminate/Container/Util.php(43): Illuminate/Container/BoundMethod::{closure:Illuminate/Container/BoundMethod::call():35}()
#9 C:/Users/agusp/Desktop/Clase/TFG/F1Fantasy/backend/vendor/laravel/framework/src/Illuminate/Container/BoundMethod.php(95): Illuminate/Container/Util::unwrapIfClosure(Object(Closure))
#10 C:/Users/agusp/Desktop/Clase/TFG/F1Fantasy/backend/vendor/laravel/framework/src/Illuminate/Container/BoundMethod.php(35): Illuminate/Container/BoundMethod::callBoundMethod(Object(Illuminate/Foundation/Application), Array, Object(Closure))
#11 C:/Users/agusp/Desktop/Clase/TFG/F1Fantasy/backend/vendor/laravel/framework/src/Illuminate/Container/Container.php(696): Illuminate/Container/BoundMethod::call(Object(Illuminate/Foundation/Application), Array, Array, NULL)
#12 C:/Users/agusp/Desktop/Clase/TFG/F1Fantasy/backend/vendor/laravel/framework/src/Illuminate/Console/Command.php(213): Illuminate/Container/Container->call(Array)
#13 C:/Users/agusp/Desktop/Clase/TFG/F1Fantasy/backend/vendor/symfony/console/Command/Command.php(341): Illuminate/Console/Command->execute(Object(Symfony/Component/Console/Input/ArrayInput), Object(Illuminate/Console/OutputStyle))
#14 C:/Users/agusp/Desktop/Clase/TFG/F1Fantasy/backend/vendor/laravel/framework/src/Illuminate/Console/Command.php(182): Symfony/Component/Console/Command/Command->run(Object(Symfony/Component/Console/Input/ArrayInput), Object(Illuminate/Console/OutputStyle))
#15 C:/Users/agusp/Desktop/Clase/TFG/F1Fantasy/backend/vendor/laravel/framework/src/Illuminate/Console/Concerns/CallsCommands.php(68): Illuminate/Console/Command->run(Object(Symfony/Component/Console/Input/ArrayInput), Object(Symfony/Component/Console/Output/NullOutput))
#16 C:/Users/agusp/Desktop/Clase/TFG/F1Fantasy/backend/vendor/laravel/framework/src/Illuminate/Console/Concerns/CallsCommands.php(41): Illuminate/Console/Command->runCommand('cache:clear', Array, Object(Symfony/Component/Console/Output/NullOutput))
#17 C:/Users/agusp/Desktop/Clase/TFG/F1Fantasy/backend/vendor/laravel/framework/src/Illuminate/Console/Concerns/CallsCommands.php(53): Illuminate/Console/Command->callSilent('cache:clear', Array)
#18 C:/Users/agusp/Desktop/Clase/TFG/F1Fantasy/backend/vendor/laravel/framework/src/Illuminate/Foundation/Console/OptimizeClearCommand.php(48): Illuminate/Console/Command->callSilently('cache:clear')
#19 C:/Users/agusp/Desktop/Clase/TFG/F1Fantasy/backend/vendor/laravel/framework/src/Illuminate/Console/View/Components/Task.php(40): Illuminate/Foundation/Console/OptimizeClearCommand->{closure:Illuminate/Foundation/Console/OptimizeClearCommand::handle():48}()
#20 C:/Users/agusp/Desktop/Clase/TFG/F1Fantasy/backend/vendor/laravel/framework/src/Illuminate/Console/View/Components/Factory.php(60): Illuminate/Console/View/Components/Task->render('cache', Object(Closure))
#21 C:/Users/agusp/Desktop/Clase/TFG/F1Fantasy/backend/vendor/laravel/framework/src/Illuminate/Foundation/Console/OptimizeClearCommand.php(48): Illuminate/Console/View/Components/Factory->__call('task', Array)
#22 C:/Users/agusp/Desktop/Clase/TFG/F1Fantasy/backend/vendor/laravel/framework/src/Illuminate/Container/BoundMethod.php(36): Illuminate/Foundation/Console/OptimizeClearCommand->handle()
#23 C:/Users/agusp/Desktop/Clase/TFG/F1Fantasy/backend/vendor/laravel/framework/src/Illuminate/Container/Util.php(43): Illuminate/Container/BoundMethod::{closure:Illuminate/Container/BoundMethod::call():35}()
#24 C:/Users/agusp/Desktop/Clase/TFG/F1Fantasy/backend/vendor/laravel/framework/src/Illuminate/Container/BoundMethod.php(95): Illuminate/Container/Util::unwrapIfClosure(Object(Closure))
#25 C:/Users/agusp/Desktop/Clase/TFG/F1Fantasy/backend/vendor/laravel/framework/src/Illuminate/Container/BoundMethod.php(35): Illuminate/Container/BoundMethod::callBoundMethod(Object(Illuminate/Foundation/Application), Array, Object(Closure))
#26 C:/Users/agusp/Desktop/Clase/TFG/F1Fantasy/backend/vendor/laravel/framework/src/Illuminate/Container/Container.php(696): Illuminate/Container/BoundMethod::call(Object(Illuminate/Foundation/Application), Array, Array, NULL)
#27 C:/Users/agusp/Desktop/Clase/TFG/F1Fantasy/backend/vendor/laravel/framework/src/Illuminate/Console/Command.php(213): Illuminate/Container/Container->call(Array)
#28 C:/Users/agusp/Desktop/Clase/TFG/F1Fantasy/backend/vendor/symfony/console/Command/Command.php(341): Illuminate/Console/Command->execute(Object(Symfony/Component/Console/Input/ArgvInput), Object(Illuminate/Console/OutputStyle))
#29 C:/Users/agusp/Desktop/Clase/TFG/F1Fantasy/backend/vendor/laravel/framework/src/Illuminate/Console/Command.php(182): Symfony/Component/Console/Command/Command->run(Object(Symfony/Component/Console/Input/ArgvInput), Object(Illuminate/Console/OutputStyle))
#30 C:/Users/agusp/Desktop/Clase/TFG/F1Fantasy/backend/vendor/symfony/console/Application.php(1117): Illuminate/Console/Command->run(Object(Symfony/Component/Console/Input/ArgvInput), Object(Symfony/Component/Console/Output/ConsoleOutput))
#31 C:/Users/agusp/Desktop/Clase/TFG/F1Fantasy/backend/vendor/symfony/console/Application.php(356): Symfony/Component/Console/Application->doRunCommand(Object(Illuminate/Foundation/Console/OptimizeClearCommand), Object(Symfony/Component/Console/Input/ArgvInput), Object(Symfony/Component/Console/Output/ConsoleOutput))
#32 C:/Users/agusp/Desktop/Clase/TFG/F1Fantasy/backend/vendor/symfony/console/Application.php(195): Symfony/Component/Console/Application->doRun(Object(Symfony/Component/Console/Input/ArgvInput), Object(Symfony/Component/Console/Output/ConsoleOutput))
#33 C:/Users/agusp/Desktop/Clase/TFG/F1Fantasy/backend/vendor/laravel/framework/src/Illuminate/Foundation/Console/Kernel.php(198): Symfony/Component/Console/Application->run(Object(Symfony/Component/Console/Input/ArgvInput), Object(Symfony/Component/Console/Output/ConsoleOutput))
#34 C:/Users/agusp/Desktop/Clase/TFG/F1Fantasy/backend/vendor/laravel/framework/src/Illuminate/Foundation/Application.php(1235): Illuminate/Foundation/Console/Kernel->handle(Object(Symfony/Component/Console/Input/ArgvInput), Object(Symfony/Component/Console/Output/ConsoleOutput))
#35 C:/Users/agusp/Desktop/Clase/TFG/F1Fantasy/backend/artisan(13): Illuminate/Foundation/Application->handleCommand(Object(Symfony/Component/Console/Input/ArgvInput))
#36 {main}

[previous exception] [object] (PDOException(code: 42S02): SQLSTATE[42S02]: Base table or view not found: 1146 Table 'f1fantasy.cache' doesn't exist at C:/Users/agusp/Desktop/Clase/TFG/F1Fantasy/backend/vendor/laravel/framework/src/Illuminate/Database/Connection.php:592)
[stacktrace]
#0 C:/Users/agusp/Desktop/Clase/TFG/F1Fantasy/backend/vendor/laravel/framework/src/Illuminate/Database/Connection.php(592): PDO->prepare('delete from `ca...')
#1 C:/Users/agusp/Desktop/Clase/TFG/F1Fantasy/backend/vendor/laravel/framework/src/Illuminate/Database/Connection.php(812): Illuminate/Database/Connection->{closure:Illuminate/Database/Connection::affectingStatement():584}('delete from `ca...', Array)
#2 C:/Users/agusp/Desktop/Clase/TFG/F1Fantasy/backend/vendor/laravel/framework/src/Illuminate/Database/Connection.php(779): Illuminate/Database/Connection->runQueryCallback('delete from `ca...', Array, Object(Closure))
#3 C:/Users/agusp/Desktop/Clase/TFG/F1Fantasy/backend/vendor/laravel/framework/src/Illuminate/Database/Connection.php(584): Illuminate/Database/Connection->run('delete from `ca...', Array, Object(Closure))
#4 C:/Users/agusp/Desktop/Clase/TFG/F1Fantasy/backend/vendor/laravel/framework/src/Illuminate/Database/Connection.php(548): Illuminate/Database/Connection->affectingStatement('delete from `ca...', Array)
#5 C:/Users/agusp/Desktop/Clase/TFG/F1Fantasy/backend/vendor/laravel/framework/src/Illuminate/Database/Query/Builder.php(4024): Illuminate/Database/Connection->delete('delete from `ca...', Array)
#6 C:/Users/agusp/Desktop/Clase/TFG/F1Fantasy/backend/vendor/laravel/framework/src/Illuminate/Cache/DatabaseStore.php(422): Illuminate/Database/Query/Builder->delete()
#7 C:/Users/agusp/Desktop/Clase/TFG/F1Fantasy/backend/vendor/laravel/framework/src/Illuminate/Cache/Repository.php(792): Illuminate/Cache/DatabaseStore->flush()
#8 C:/Users/agusp/Desktop/Clase/TFG/F1Fantasy/backend/vendor/laravel/framework/src/Illuminate/Cache/Console/ClearCommand.php(69): Illuminate/Cache/Repository->__call('flush', Array)
#9 C:/Users/agusp/Desktop/Clase/TFG/F1Fantasy/backend/vendor/laravel/framework/src/Illuminate/Container/BoundMethod.php(36): Illuminate/Cache/Console/ClearCommand->handle()
#10 C:/Users/agusp/Desktop/Clase/TFG/F1Fantasy/backend/vendor/laravel/framework/src/Illuminate/Container/Util.php(43): Illuminate/Container/BoundMethod::{closure:Illuminate/Container/BoundMethod::call():35}()
#11 C:/Users/agusp/Desktop/Clase/TFG/F1Fantasy/backend/vendor/laravel/framework/src/Illuminate/Container/BoundMethod.php(95): Illuminate/Container/Util::unwrapIfClosure(Object(Closure))
#12 C:/Users/agusp/Desktop/Clase/TFG/F1Fantasy/backend/vendor/laravel/framework/src/Illuminate/Container/BoundMethod.php(35): Illuminate/Container/BoundMethod::callBoundMethod(Object(Illuminate/Foundation/Application), Array, Object(Closure))
#13 C:/Users/agusp/Desktop/Clase/TFG/F1Fantasy/backend/vendor/laravel/framework/src/Illuminate/Container/Container.php(696): Illuminate/Container/BoundMethod::call(Object(Illuminate/Foundation/Application), Array, Array, NULL)
#14 C:/Users/agusp/Desktop/Clase/TFG/F1Fantasy/backend/vendor/laravel/framework/src/Illuminate/Console/Command.php(213): Illuminate/Container/Container->call(Array)
#15 C:/Users/agusp/Desktop/Clase/TFG/F1Fantasy/backend/vendor/symfony/console/Command/Command.php(341): Illuminate/Console/Command->execute(Object(Symfony/Component/Console/Input/ArrayInput), Object(Illuminate/Console/OutputStyle))
#16 C:/Users/agusp/Desktop/Clase/TFG/F1Fantasy/backend/vendor/laravel/framework/src/Illuminate/Console/Command.php(182): Symfony/Component/Console/Command/Command->run(Object(Symfony/Component/Console/Input/ArrayInput), Object(Illuminate/Console/OutputStyle))
#17 C:/Users/agusp/Desktop/Clase/TFG/F1Fantasy/backend/vendor/laravel/framework/src/Illuminate/Console/Concerns/CallsCommands.php(68): Illuminate/Console/Command->run(Object(Symfony/Component/Console/Input/ArrayInput), Object(Symfony/Component/Console/Output/NullOutput))
#18 C:/Users/agusp/Desktop/Clase/TFG/F1Fantasy/backend/vendor/laravel/framework/src/Illuminate/Console/Concerns/CallsCommands.php(41): Illuminate/Console/Command->runCommand('cache:clear', Array, Object(Symfony/Component/Console/Output/NullOutput))
#19 C:/Users/agusp/Desktop/Clase/TFG/F1Fantasy/backend/vendor/laravel/framework/src/Illuminate/Console/Concerns/CallsCommands.php(53): Illuminate/Console/Command->callSilent('cache:clear', Array)
#20 C:/Users/agusp/Desktop/Clase/TFG/F1Fantasy/backend/vendor/laravel/framework/src/Illuminate/Foundation/Console/OptimizeClearCommand.php(48): Illuminate/Console/Command->callSilently('cache:clear')
#21 C:/Users/agusp/Desktop/Clase/TFG/F1Fantasy/backend/vendor/laravel/framework/src/Illuminate/Console/View/Components/Task.php(40): Illuminate/Foundation/Console/OptimizeClearCommand->{closure:Illuminate/Foundation/Console/OptimizeClearCommand::handle():48}()
#22 C:/Users/agusp/Desktop/Clase/TFG/F1Fantasy/backend/vendor/laravel/framework/src/Illuminate/Console/View/Components/Factory.php(60): Illuminate/Console/View/Components/Task->render('cache', Object(Closure))
#23 C:/Users/agusp/Desktop/Clase/TFG/F1Fantasy/backend/vendor/laravel/framework/src/Illuminate/Foundation/Console/OptimizeClearCommand.php(48): Illuminate/Console/View/Components/Factory->__call('task', Array)
#24 C:/Users/agusp/Desktop/Clase/TFG/F1Fantasy/backend/vendor/laravel/framework/src/Illuminate/Container/BoundMethod.php(36): Illuminate/Foundation/Console/OptimizeClearCommand->handle()
#25 C:/Users/agusp/Desktop/Clase/TFG/F1Fantasy/backend/vendor/laravel/framework/src/Illuminate/Container/Util.php(43): Illuminate/Container/BoundMethod::{closure:Illuminate/Container/BoundMethod::call():35}()
#26 C:/Users/agusp/Desktop/Clase/TFG/F1Fantasy/backend/vendor/laravel/framework/src/Illuminate/Container/BoundMethod.php(95): Illuminate/Container/Util::unwrapIfClosure(Object(Closure))
#27 C:/Users/agusp/Desktop/Clase/TFG/F1Fantasy/backend/vendor/laravel/framework/src/Illuminate/Container/BoundMethod.php(35): Illuminate/Container/BoundMethod::callBoundMethod(Object(Illuminate/Foundation/Application), Array, Object(Closure))
#28 C:/Users/agusp/Desktop/Clase/TFG/F1Fantasy/backend/vendor/laravel/framework/src/Illuminate/Container/Container.php(696): Illuminate/Container/BoundMethod::call(Object(Illuminate/Foundation/Application), Array, Array, NULL)
#29 C:/Users/agusp/Desktop/Clase/TFG/F1Fantasy/backend/vendor/laravel/framework/src/Illuminate/Console/Command.php(213): Illuminate/Container/Container->call(Array)
#30 C:/Users/agusp/Desktop/Clase/TFG/F1Fantasy/backend/vendor/symfony/console/Command/Command.php(341): Illuminate/Console/Command->execute(Object(Symfony/Component/Console/Input/ArgvInput), Object(Illuminate/Console/OutputStyle))
#31 C:/Users/agusp/Desktop/Clase/TFG/F1Fantasy/backend/vendor/laravel/framework/src/Illuminate/Console/Command.php(182): Symfony/Component/Console/Command/Command->run(Object(Symfony/Component/Console/Input/ArgvInput), Object(Illuminate/Console/OutputStyle))
#32 C:/Users/agusp/Desktop/Clase/TFG/F1Fantasy/backend/vendor/symfony/console/Application.php(1117): Illuminate/Console/Command->run(Object(Symfony/Component/Console/Input/ArgvInput), Object(Symfony/Component/Console/Output/ConsoleOutput))
#33 C:/Users/agusp/Desktop/Clase/TFG/F1Fantasy/backend/vendor/symfony/console/Application.php(356): Symfony/Component/Console/Application->doRunCommand(Object(Illuminate/Foundation/Console/OptimizeClearCommand), Object(Symfony/Component/Console/Input/ArgvInput), Object(Symfony/Component/Console/Output/ConsoleOutput))
#34 C:/Users/agusp/Desktop/Clase/TFG/F1Fantasy/backend/vendor/symfony/console/Application.php(195): Symfony/Component/Console/Application->doRun(Object(Symfony/Component/Console/Input/ArgvInput), Object(Symfony/Component/Console/Output/ConsoleOutput))
#35 C:/Users/agusp/Desktop/Clase/TFG/F1Fantasy/backend/vendor/laravel/framework/src/Illuminate/Foundation/Console/Kernel.php(198): Symfony/Component/Console/Application->run(Object(Symfony/Component/Console/Input/ArgvInput), Object(Symfony/Component/Console/Output/ConsoleOutput))
#36 C:/Users/agusp/Desktop/Clase/TFG/F1Fantasy/backend/vendor/laravel/framework/src/Illuminate/Foundation/Application.php(1235): Illuminate/Foundation/Console/Kernel->handle(Object(Symfony/Component/Console/Input/ArgvInput), Object(Symfony/Component/Console/Output/ConsoleOutput))
#37 C:/Users/agusp/Desktop/Clase/TFG/F1Fantasy/backend/artisan(13): Illuminate/Foundation/Application->handleCommand(Object(Symfony/Component/Console/Input/ArgvInput))
#38 {main}
"} 
[2026-04-24 11:03:31] local.ERROR: SQLSTATE[23000]: Integrity constraint violation: 1062 Duplicate entry 'admin' for key 'users_username_unique' (Connection: mysql, SQL: insert into `users` (`name`, `username`, `email`, `password`, `role`, `updated_at`, `created_at`) values (Admin F1 Fantasy, admin, admin@f1fantasy.local, $2y$12$6icjYYcIgHWiUOZ7B6VPlegr7pIOYJKGkBYYVsnfhjYdDdcBgxtj., admin, 2026-04-24 11:03:31, 2026-04-24 11:03:31)) {"exception":"[object] (Illuminate\\Database\\UniqueConstraintViolationException(code: 23000): SQLSTATE[23000]: Integrity constraint violation: 1062 Duplicate entry 'admin' for key 'users_username_unique' (Connection: mysql, SQL: insert into `users` (`name`, `username`, `email`, `password`, `role`, `updated_at`, `created_at`) values (Admin F1 Fantasy, admin, admin@f1fantasy.local, $2y$12$6icjYYcIgHWiUOZ7B6VPlegr7pIOYJKGkBYYVsnfhjYdDdcBgxtj., admin, 2026-04-24 11:03:31, 2026-04-24 11:03:31)) at C:/Users/agusp/Desktop/Clase/TFG/F1Fantasy/backend/vendor/laravel/framework/src/Illuminate/Database/Connection.php:820)
[stacktrace]
#0 C:/Users/agusp/Desktop/Clase/TFG/F1Fantasy/backend/vendor/laravel/framework/src/Illuminate/Database/Connection.php(779): Illuminate/Database/Connection->runQueryCallback('insert into `us...', Array, Object(Closure))
#1 C:/Users/agusp/Desktop/Clase/TFG/F1Fantasy/backend/vendor/laravel/framework/src/Illuminate/Database/MySqlConnection.php(42): Illuminate/Database/Connection->run('insert into `us...', Array, Object(Closure))
#2 C:/Users/agusp/Desktop/Clase/TFG/F1Fantasy/backend/vendor/laravel/framework/src/Illuminate/Database/Query/Processors/MySqlProcessor.php(35): Illuminate/Database/MySqlConnection->insert('insert into `us...', Array, 'id')
#3 C:/Users/agusp/Desktop/Clase/TFG/F1Fantasy/backend/vendor/laravel/framework/src/Illuminate/Database/Query/Builder.php(3766): Illuminate/Database/Query/Processors/MySqlProcessor->processInsertGetId(Object(Illuminate/Database/Query/Builder), 'insert into `us...', Array, 'id')
#4 C:/Users/agusp/Desktop/Clase/TFG/F1Fantasy/backend/vendor/laravel/framework/src/Illuminate/Database/Eloquent/Builder.php(2120): Illuminate/Database/Query/Builder->insertGetId(Array, 'id')
#5 C:/Users/agusp/Desktop/Clase/TFG/F1Fantasy/backend/vendor/laravel/framework/src/Illuminate/Database/Eloquent/Model.php(1359): Illuminate/Database/Eloquent/Builder->__call('insertGetId', Array)
#6 C:/Users/agusp/Desktop/Clase/TFG/F1Fantasy/backend/vendor/laravel/framework/src/Illuminate/Database/Eloquent/Model.php(1324): Illuminate/Database/Eloquent/Model->insertAndSetId(Object(Illuminate/Database/Eloquent/Builder), Array)
#7 C:/Users/agusp/Desktop/Clase/TFG/F1Fantasy/backend/vendor/laravel/framework/src/Illuminate/Database/Eloquent/Model.php(1163): Illuminate/Database/Eloquent/Model->performInsert(Object(Illuminate/Database/Eloquent/Builder))
#8 C:/Users/agusp/Desktop/Clase/TFG/F1Fantasy/backend/vendor/laravel/framework/src/Illuminate/Database/Eloquent/Builder.php(1128): Illuminate/Database/Eloquent/Model->save()
#9 C:/Users/agusp/Desktop/Clase/TFG/F1Fantasy/backend/vendor/laravel/framework/src/Illuminate/Support/helpers.php(399): Illuminate/Database/Eloquent/Builder->{closure:Illuminate/Database/Eloquent/Builder::create():1127}(Object(App/Models/User))
#10 C:/Users/agusp/Desktop/Clase/TFG/F1Fantasy/backend/vendor/laravel/framework/src/Illuminate/Database/Eloquent/Builder.php(1127): tap(Object(App/Models/User), Object(Closure))
#11 C:/Users/agusp/Desktop/Clase/TFG/F1Fantasy/backend/vendor/laravel/framework/src/Illuminate/Support/Traits/ForwardsCalls.php(23): Illuminate/Database/Eloquent/Builder->create(Array)
#12 C:/Users/agusp/Desktop/Clase/TFG/F1Fantasy/backend/vendor/laravel/framework/src/Illuminate/Database/Eloquent/Model.php(2372): Illuminate/Database/Eloquent/Model->forwardCallTo(Object(Illuminate/Database/Eloquent/Builder), 'create', Array)
#13 C:/Users/agusp/Desktop/Clase/TFG/F1Fantasy/backend/vendor/laravel/framework/src/Illuminate/Database/Eloquent/Model.php(2384): Illuminate/Database/Eloquent/Model->__call('create', Array)
#14 C:/Users/agusp/Desktop/Clase/TFG/F1Fantasy/backend/database/seeders/DatabaseSeeder.php(15): Illuminate/Database/Eloquent/Model::__callStatic('create', Array)
#15 C:/Users/agusp/Desktop/Clase/TFG/F1Fantasy/backend/vendor/laravel/framework/src/Illuminate/Container/BoundMethod.php(36): Database/Seeders/DatabaseSeeder->run()
#16 C:/Users/agusp/Desktop/Clase/TFG/F1Fantasy/backend/vendor/laravel/framework/src/Illuminate/Container/Util.php(43): Illuminate/Container/BoundMethod::{closure:Illuminate/Container/BoundMethod::call():35}()
#17 C:/Users/agusp/Desktop/Clase/TFG/F1Fantasy/backend/vendor/laravel/framework/src/Illuminate/Container/BoundMethod.php(95): Illuminate/Container/Util::unwrapIfClosure(Object(Closure))
#18 C:/Users/agusp/Desktop/Clase/TFG/F1Fantasy/backend/vendor/laravel/framework/src/Illuminate/Container/BoundMethod.php(35): Illuminate/Container/BoundMethod::callBoundMethod(Object(Illuminate/Foundation/Application), Array, Object(Closure))
#19 C:/Users/agusp/Desktop/Clase/TFG/F1Fantasy/backend/vendor/laravel/framework/src/Illuminate/Container/Container.php(696): Illuminate/Container/BoundMethod::call(Object(Illuminate/Foundation/Application), Array, Array, NULL)
#20 C:/Users/agusp/Desktop/Clase/TFG/F1Fantasy/backend/vendor/laravel/framework/src/Illuminate/Database/Seeder.php(188): Illuminate/Container/Container->call(Array, Array)
#21 C:/Users/agusp/Desktop/Clase/TFG/F1Fantasy/backend/vendor/laravel/framework/src/Illuminate/Database/Seeder.php(197): Illuminate/Database/Seeder->{closure:Illuminate/Database/Seeder::__invoke():187}()
#22 C:/Users/agusp/Desktop/Clase/TFG/F1Fantasy/backend/vendor/laravel/framework/src/Illuminate/Database/Console/Seeds/SeedCommand.php(70): Illuminate/Database/Seeder->__invoke()
#23 C:/Users/agusp/Desktop/Clase/TFG/F1Fantasy/backend/vendor/laravel/framework/src/Illuminate/Database/Eloquent/Concerns/GuardsAttributes.php(155): Illuminate/Database/Console/Seeds/SeedCommand->{closure:Illuminate/Database/Console/Seeds/SeedCommand::handle():69}()
#24 C:/Users/agusp/Desktop/Clase/TFG/F1Fantasy/backend/vendor/laravel/framework/src/Illuminate/Database/Console/Seeds/SeedCommand.php(69): Illuminate/Database/Eloquent/Model::unguarded(Object(Closure))
#25 C:/Users/agusp/Desktop/Clase/TFG/F1Fantasy/backend/vendor/laravel/framework/src/Illuminate/Container/BoundMethod.php(36): Illuminate/Database/Console/Seeds/SeedCommand->handle()
#26 C:/Users/agusp/Desktop/Clase/TFG/F1Fantasy/backend/vendor/laravel/framework/src/Illuminate/Container/Util.php(43): Illuminate/Container/BoundMethod::{closure:Illuminate/Container/BoundMethod::call():35}()
#27 C:/Users/agusp/Desktop/Clase/TFG/F1Fantasy/backend/vendor/laravel/framework/src/Illuminate/Container/BoundMethod.php(95): Illuminate/Container/Util::unwrapIfClosure(Object(Closure))
#28 C:/Users/agusp/Desktop/Clase/TFG/F1Fantasy/backend/vendor/laravel/framework/src/Illuminate/Container/BoundMethod.php(35): Illuminate/Container/BoundMethod::callBoundMethod(Object(Illuminate/Foundation/Application), Array, Object(Closure))
#29 C:/Users/agusp/Desktop/Clase/TFG/F1Fantasy/backend/vendor/laravel/framework/src/Illuminate/Container/Container.php(696): Illuminate/Container/BoundMethod::call(Object(Illuminate/Foundation/Application), Array, Array, NULL)
#30 C:/Users/agusp/Desktop/Clase/TFG/F1Fantasy/backend/vendor/laravel/framework/src/Illuminate/Console/Command.php(213): Illuminate/Container/Container->call(Array)
#31 C:/Users/agusp/Desktop/Clase/TFG/F1Fantasy/backend/vendor/symfony/console/Command/Command.php(341): Illuminate/Console/Command->execute(Object(Symfony/Component/Console/Input/ArrayInput), Object(Illuminate/Console/OutputStyle))
#32 C:/Users/agusp/Desktop/Clase/TFG/F1Fantasy/backend/vendor/laravel/framework/src/Illuminate/Console/Command.php(182): Symfony/Component/Console/Command/Command->run(Object(Symfony/Component/Console/Input/ArrayInput), Object(Illuminate/Console/OutputStyle))
#33 C:/Users/agusp/Desktop/Clase/TFG/F1Fantasy/backend/vendor/laravel/framework/src/Illuminate/Console/Concerns/CallsCommands.php(68): Illuminate/Console/Command->run(Object(Symfony/Component/Console/Input/ArrayInput), Object(Illuminate/Console/OutputStyle))
#34 C:/Users/agusp/Desktop/Clase/TFG/F1Fantasy/backend/vendor/laravel/framework/src/Illuminate/Console/Concerns/CallsCommands.php(29): Illuminate/Console/Command->runCommand('db:seed', Array, Object(Illuminate/Console/OutputStyle))
#35 C:/Users/agusp/Desktop/Clase/TFG/F1Fantasy/backend/vendor/laravel/framework/src/Illuminate/Database/Console/Migrations/MigrateCommand.php(126): Illuminate/Console/Command->call('db:seed', Array)
#36 C:/Users/agusp/Desktop/Clase/TFG/F1Fantasy/backend/vendor/laravel/framework/src/Illuminate/Database/Migrations/Migrator.php(658): Illuminate/Database/Console/Migrations/MigrateCommand->{closure:Illuminate/Database/Console/Migrations/MigrateCommand::runMigrations():110}()
#37 C:/Users/agusp/Desktop/Clase/TFG/F1Fantasy/backend/vendor/laravel/framework/src/Illuminate/Database/Console/Migrations/MigrateCommand.php(110): Illuminate/Database/Migrations/Migrator->usingConnection(NULL, Object(Closure))
#38 C:/Users/agusp/Desktop/Clase/TFG/F1Fantasy/backend/vendor/laravel/framework/src/Illuminate/Database/Console/Migrations/MigrateCommand.php(89): Illuminate/Database/Console/Migrations/MigrateCommand->runMigrations()
#39 C:/Users/agusp/Desktop/Clase/TFG/F1Fantasy/backend/vendor/laravel/framework/src/Illuminate/Container/BoundMethod.php(36): Illuminate/Database/Console/Migrations/MigrateCommand->handle()
#40 C:/Users/agusp/Desktop/Clase/TFG/F1Fantasy/backend/vendor/laravel/framework/src/Illuminate/Container/Util.php(43): Illuminate/Container/BoundMethod::{closure:Illuminate/Container/BoundMethod::call():35}()
#41 C:/Users/agusp/Desktop/Clase/TFG/F1Fantasy/backend/vendor/laravel/framework/src/Illuminate/Container/BoundMethod.php(95): Illuminate/Container/Util::unwrapIfClosure(Object(Closure))
#42 C:/Users/agusp/Desktop/Clase/TFG/F1Fantasy/backend/vendor/laravel/framework/src/Illuminate/Container/BoundMethod.php(35): Illuminate/Container/BoundMethod::callBoundMethod(Object(Illuminate/Foundation/Application), Array, Object(Closure))
#43 C:/Users/agusp/Desktop/Clase/TFG/F1Fantasy/backend/vendor/laravel/framework/src/Illuminate/Container/Container.php(696): Illuminate/Container/BoundMethod::call(Object(Illuminate/Foundation/Application), Array, Array, NULL)
#44 C:/Users/agusp/Desktop/Clase/TFG/F1Fantasy/backend/vendor/laravel/framework/src/Illuminate/Console/Command.php(213): Illuminate/Container/Container->call(Array)
#45 C:/Users/agusp/Desktop/Clase/TFG/F1Fantasy/backend/vendor/symfony/console/Command/Command.php(341): Illuminate/Console/Command->execute(Object(Symfony/Component/Console/Input/ArgvInput), Object(Illuminate/Console/OutputStyle))
#46 C:/Users/agusp/Desktop/Clase/TFG/F1Fantasy/backend/vendor/laravel/framework/src/Illuminate/Console/Command.php(182): Symfony/Component/Console/Command/Command->run(Object(Symfony/Component/Console/Input/ArgvInput), Object(Illuminate/Console/OutputStyle))
#47 C:/Users/agusp/Desktop/Clase/TFG/F1Fantasy/backend/vendor/symfony/console/Application.php(1117): Illuminate/Console/Command->run(Object(Symfony/Component/Console/Input/ArgvInput), Object(Symfony/Component/Console/Output/ConsoleOutput))
#48 C:/Users/agusp/Desktop/Clase/TFG/F1Fantasy/backend/vendor/symfony/console/Application.php(356): Symfony/Component/Console/Application->doRunCommand(Object(Illuminate/Database/Console/Migrations/MigrateCommand), Object(Symfony/Component/Console/Input/ArgvInput), Object(Symfony/Component/Console/Output/ConsoleOutput))
#49 C:/Users/agusp/Desktop/Clase/TFG/F1Fantasy/backend/vendor/symfony/console/Application.php(195): Symfony/Component/Console/Application->doRun(Object(Symfony/Component/Console/Input/ArgvInput), Object(Symfony/Component/Console/Output/ConsoleOutput))
#50 C:/Users/agusp/Desktop/Clase/TFG/F1Fantasy/backend/vendor/laravel/framework/src/Illuminate/Foundation/Console/Kernel.php(198): Symfony/Component/Console/Application->run(Object(Symfony/Component/Console/Input/ArgvInput), Object(Symfony/Component/Console/Output/ConsoleOutput))
#51 C:/Users/agusp/Desktop/Clase/TFG/F1Fantasy/backend/vendor/laravel/framework/src/Illuminate/Foundation/Application.php(1235): Illuminate/Foundation/Console/Kernel->handle(Object(Symfony/Component/Console/Input/ArgvInput), Object(Symfony/Component/Console/Output/ConsoleOutput))
#52 C:/Users/agusp/Desktop/Clase/TFG/F1Fantasy/backend/artisan(13): Illuminate/Foundation/Application->handleCommand(Object(Symfony/Component/Console/Input/ArgvInput))
#53 {main}

[previous exception] [object] (PDOException(code: 23000): SQLSTATE[23000]: Integrity constraint violation: 1062 Duplicate entry 'admin' for key 'users_username_unique' at C:/Users/agusp/Desktop/Clase/TFG/F1Fantasy/backend/vendor/laravel/framework/src/Illuminate/Database/MySqlConnection.php:53)
[stacktrace]
#0 C:/Users/agusp/Desktop/Clase/TFG/F1Fantasy/backend/vendor/laravel/framework/src/Illuminate/Database/MySqlConnection.php(53): PDOStatement->execute()
#1 C:/Users/agusp/Desktop/Clase/TFG/F1Fantasy/backend/vendor/laravel/framework/src/Illuminate/Database/Connection.php(812): Illuminate/Database/MySqlConnection->{closure:Illuminate/Database/MySqlConnection::insert():42}('insert into `us...', Array)
#2 C:/Users/agusp/Desktop/Clase/TFG/F1Fantasy/backend/vendor/laravel/framework/src/Illuminate/Database/Connection.php(779): Illuminate/Database/Connection->runQueryCallback('insert into `us...', Array, Object(Closure))
#3 C:/Users/agusp/Desktop/Clase/TFG/F1Fantasy/backend/vendor/laravel/framework/src/Illuminate/Database/MySqlConnection.php(42): Illuminate/Database/Connection->run('insert into `us...', Array, Object(Closure))
#4 C:/Users/agusp/Desktop/Clase/TFG/F1Fantasy/backend/vendor/laravel/framework/src/Illuminate/Database/Query/Processors/MySqlProcessor.php(35): Illuminate/Database/MySqlConnection->insert('insert into `us...', Array, 'id')
#5 C:/Users/agusp/Desktop/Clase/TFG/F1Fantasy/backend/vendor/laravel/framework/src/Illuminate/Database/Query/Builder.php(3766): Illuminate/Database/Query/Processors/MySqlProcessor->processInsertGetId(Object(Illuminate/Database/Query/Builder), 'insert into `us...', Array, 'id')
#6 C:/Users/agusp/Desktop/Clase/TFG/F1Fantasy/backend/vendor/laravel/framework/src/Illuminate/Database/Eloquent/Builder.php(2120): Illuminate/Database/Query/Builder->insertGetId(Array, 'id')
#7 C:/Users/agusp/Desktop/Clase/TFG/F1Fantasy/backend/vendor/laravel/framework/src/Illuminate/Database/Eloquent/Model.php(1359): Illuminate/Database/Eloquent/Builder->__call('insertGetId', Array)
#8 C:/Users/agusp/Desktop/Clase/TFG/F1Fantasy/backend/vendor/laravel/framework/src/Illuminate/Database/Eloquent/Model.php(1324): Illuminate/Database/Eloquent/Model->insertAndSetId(Object(Illuminate/Database/Eloquent/Builder), Array)
#9 C:/Users/agusp/Desktop/Clase/TFG/F1Fantasy/backend/vendor/laravel/framework/src/Illuminate/Database/Eloquent/Model.php(1163): Illuminate/Database/Eloquent/Model->performInsert(Object(Illuminate/Database/Eloquent/Builder))
#10 C:/Users/agusp/Desktop/Clase/TFG/F1Fantasy/backend/vendor/laravel/framework/src/Illuminate/Database/Eloquent/Builder.php(1128): Illuminate/Database/Eloquent/Model->save()
#11 C:/Users/agusp/Desktop/Clase/TFG/F1Fantasy/backend/vendor/laravel/framework/src/Illuminate/Support/helpers.php(399): Illuminate/Database/Eloquent/Builder->{closure:Illuminate/Database/Eloquent/Builder::create():1127}(Object(App/Models/User))
#12 C:/Users/agusp/Desktop/Clase/TFG/F1Fantasy/backend/vendor/laravel/framework/src/Illuminate/Database/Eloquent/Builder.php(1127): tap(Object(App/Models/User), Object(Closure))
#13 C:/Users/agusp/Desktop/Clase/TFG/F1Fantasy/backend/vendor/laravel/framework/src/Illuminate/Support/Traits/ForwardsCalls.php(23): Illuminate/Database/Eloquent/Builder->create(Array)
#14 C:/Users/agusp/Desktop/Clase/TFG/F1Fantasy/backend/vendor/laravel/framework/src/Illuminate/Database/Eloquent/Model.php(2372): Illuminate/Database/Eloquent/Model->forwardCallTo(Object(Illuminate/Database/Eloquent/Builder), 'create', Array)
#15 C:/Users/agusp/Desktop/Clase/TFG/F1Fantasy/backend/vendor/laravel/framework/src/Illuminate/Database/Eloquent/Model.php(2384): Illuminate/Database/Eloquent/Model->__call('create', Array)
#16 C:/Users/agusp/Desktop/Clase/TFG/F1Fantasy/backend/database/seeders/DatabaseSeeder.php(15): Illuminate/Database/Eloquent/Model::__callStatic('create', Array)
#17 C:/Users/agusp/Desktop/Clase/TFG/F1Fantasy/backend/vendor/laravel/framework/src/Illuminate/Container/BoundMethod.php(36): Database/Seeders/DatabaseSeeder->run()
#18 C:/Users/agusp/Desktop/Clase/TFG/F1Fantasy/backend/vendor/laravel/framework/src/Illuminate/Container/Util.php(43): Illuminate/Container/BoundMethod::{closure:Illuminate/Container/BoundMethod::call():35}()
#19 C:/Users/agusp/Desktop/Clase/TFG/F1Fantasy/backend/vendor/laravel/framework/src/Illuminate/Container/BoundMethod.php(95): Illuminate/Container/Util::unwrapIfClosure(Object(Closure))
#20 C:/Users/agusp/Desktop/Clase/TFG/F1Fantasy/backend/vendor/laravel/framework/src/Illuminate/Container/BoundMethod.php(35): Illuminate/Container/BoundMethod::callBoundMethod(Object(Illuminate/Foundation/Application), Array, Object(Closure))
#21 C:/Users/agusp/Desktop/Clase/TFG/F1Fantasy/backend/vendor/laravel/framework/src/Illuminate/Container/Container.php(696): Illuminate/Container/BoundMethod::call(Object(Illuminate/Foundation/Application), Array, Array, NULL)
#22 C:/Users/agusp/Desktop/Clase/TFG/F1Fantasy/backend/vendor/laravel/framework/src/Illuminate/Database/Seeder.php(188): Illuminate/Container/Container->call(Array, Array)
#23 C:/Users/agusp/Desktop/Clase/TFG/F1Fantasy/backend/vendor/laravel/framework/src/Illuminate/Database/Seeder.php(197): Illuminate/Database/Seeder->{closure:Illuminate/Database/Seeder::__invoke():187}()
#24 C:/Users/agusp/Desktop/Clase/TFG/F1Fantasy/backend/vendor/laravel/framework/src/Illuminate/Database/Console/Seeds/SeedCommand.php(70): Illuminate/Database/Seeder->__invoke()
#25 C:/Users/agusp/Desktop/Clase/TFG/F1Fantasy/backend/vendor/laravel/framework/src/Illuminate/Database/Eloquent/Concerns/GuardsAttributes.php(155): Illuminate/Database/Console/Seeds/SeedCommand->{closure:Illuminate/Database/Console/Seeds/SeedCommand::handle():69}()
#26 C:/Users/agusp/Desktop/Clase/TFG/F1Fantasy/backend/vendor/laravel/framework/src/Illuminate/Database/Console/Seeds/SeedCommand.php(69): Illuminate/Database/Eloquent/Model::unguarded(Object(Closure))
#27 C:/Users/agusp/Desktop/Clase/TFG/F1Fantasy/backend/vendor/laravel/framework/src/Illuminate/Container/BoundMethod.php(36): Illuminate/Database/Console/Seeds/SeedCommand->handle()
#28 C:/Users/agusp/Desktop/Clase/TFG/F1Fantasy/backend/vendor/laravel/framework/src/Illuminate/Container/Util.php(43): Illuminate/Container/BoundMethod::{closure:Illuminate/Container/BoundMethod::call():35}()
#29 C:/Users/agusp/Desktop/Clase/TFG/F1Fantasy/backend/vendor/laravel/framework/src/Illuminate/Container/BoundMethod.php(95): Illuminate/Container/Util::unwrapIfClosure(Object(Closure))
#30 C:/Users/agusp/Desktop/Clase/TFG/F1Fantasy/backend/vendor/laravel/framework/src/Illuminate/Container/BoundMethod.php(35): Illuminate/Container/BoundMethod::callBoundMethod(Object(Illuminate/Foundation/Application), Array, Object(Closure))
#31 C:/Users/agusp/Desktop/Clase/TFG/F1Fantasy/backend/vendor/laravel/framework/src/Illuminate/Container/Container.php(696): Illuminate/Container/BoundMethod::call(Object(Illuminate/Foundation/Application), Array, Array, NULL)
#32 C:/Users/agusp/Desktop/Clase/TFG/F1Fantasy/backend/vendor/laravel/framework/src/Illuminate/Console/Command.php(213): Illuminate/Container/Container->call(Array)
#33 C:/Users/agusp/Desktop/Clase/TFG/F1Fantasy/backend/vendor/symfony/console/Command/Command.php(341): Illuminate/Console/Command->execute(Object(Symfony/Component/Console/Input/ArrayInput), Object(Illuminate/Console/OutputStyle))
#34 C:/Users/agusp/Desktop/Clase/TFG/F1Fantasy/backend/vendor/laravel/framework/src/Illuminate/Console/Command.php(182): Symfony/Component/Console/Command/Command->run(Object(Symfony/Component/Console/Input/ArrayInput), Object(Illuminate/Console/OutputStyle))
#35 C:/Users/agusp/Desktop/Clase/TFG/F1Fantasy/backend/vendor/laravel/framework/src/Illuminate/Console/Concerns/CallsCommands.php(68): Illuminate/Console/Command->run(Object(Symfony/Component/Console/Input/ArrayInput), Object(Illuminate/Console/OutputStyle))
#36 C:/Users/agusp/Desktop/Clase/TFG/F1Fantasy/backend/vendor/laravel/framework/src/Illuminate/Console/Concerns/CallsCommands.php(29): Illuminate/Console/Command->runCommand('db:seed', Array, Object(Illuminate/Console/OutputStyle))
#37 C:/Users/agusp/Desktop/Clase/TFG/F1Fantasy/backend/vendor/laravel/framework/src/Illuminate/Database/Console/Migrations/MigrateCommand.php(126): Illuminate/Console/Command->call('db:seed', Array)
#38 C:/Users/agusp/Desktop/Clase/TFG/F1Fantasy/backend/vendor/laravel/framework/src/Illuminate/Database/Migrations/Migrator.php(658): Illuminate/Database/Console/Migrations/MigrateCommand->{closure:Illuminate/Database/Console/Migrations/MigrateCommand::runMigrations():110}()
#39 C:/Users/agusp/Desktop/Clase/TFG/F1Fantasy/backend/vendor/laravel/framework/src/Illuminate/Database/Console/Migrations/MigrateCommand.php(110): Illuminate/Database/Migrations/Migrator->usingConnection(NULL, Object(Closure))
#40 C:/Users/agusp/Desktop/Clase/TFG/F1Fantasy/backend/vendor/laravel/framework/src/Illuminate/Database/Console/Migrations/MigrateCommand.php(89): Illuminate/Database/Console/Migrations/MigrateCommand->runMigrations()
#41 C:/Users/agusp/Desktop/Clase/TFG/F1Fantasy/backend/vendor/laravel/framework/src/Illuminate/Container/BoundMethod.php(36): Illuminate/Database/Console/Migrations/MigrateCommand->handle()
#42 C:/Users/agusp/Desktop/Clase/TFG/F1Fantasy/backend/vendor/laravel/framework/src/Illuminate/Container/Util.php(43): Illuminate/Container/BoundMethod::{closure:Illuminate/Container/BoundMethod::call():35}()
#43 C:/Users/agusp/Desktop/Clase/TFG/F1Fantasy/backend/vendor/laravel/framework/src/Illuminate/Container/BoundMethod.php(95): Illuminate/Container/Util::unwrapIfClosure(Object(Closure))
#44 C:/Users/agusp/Desktop/Clase/TFG/F1Fantasy/backend/vendor/laravel/framework/src/Illuminate/Container/BoundMethod.php(35): Illuminate/Container/BoundMethod::callBoundMethod(Object(Illuminate/Foundation/Application), Array, Object(Closure))
#45 C:/Users/agusp/Desktop/Clase/TFG/F1Fantasy/backend/vendor/laravel/framework/src/Illuminate/Container/Container.php(696): Illuminate/Container/BoundMethod::call(Object(Illuminate/Foundation/Application), Array, Array, NULL)
#46 C:/Users/agusp/Desktop/Clase/TFG/F1Fantasy/backend/vendor/laravel/framework/src/Illuminate/Console/Command.php(213): Illuminate/Container/Container->call(Array)
#47 C:/Users/agusp/Desktop/Clase/TFG/F1Fantasy/backend/vendor/symfony/console/Command/Command.php(341): Illuminate/Console/Command->execute(Object(Symfony/Component/Console/Input/ArgvInput), Object(Illuminate/Console/OutputStyle))
#48 C:/Users/agusp/Desktop/Clase/TFG/F1Fantasy/backend/vendor/laravel/framework/src/Illuminate/Console/Command.php(182): Symfony/Component/Console/Command/Command->run(Object(Symfony/Component/Console/Input/ArgvInput), Object(Illuminate/Console/OutputStyle))
#49 C:/Users/agusp/Desktop/Clase/TFG/F1Fantasy/backend/vendor/symfony/console/Application.php(1117): Illuminate/Console/Command->run(Object(Symfony/Component/Console/Input/ArgvInput), Object(Symfony/Component/Console/Output/ConsoleOutput))
#50 C:/Users/agusp/Desktop/Clase/TFG/F1Fantasy/backend/vendor/symfony/console/Application.php(356): Symfony/Component/Console/Application->doRunCommand(Object(Illuminate/Database/Console/Migrations/MigrateCommand), Object(Symfony/Component/Console/Input/ArgvInput), Object(Symfony/Component/Console/Output/ConsoleOutput))
#51 C:/Users/agusp/Desktop/Clase/TFG/F1Fantasy/backend/vendor/symfony/console/Application.php(195): Symfony/Component/Console/Application->doRun(Object(Symfony/Component/Console/Input/ArgvInput), Object(Symfony/Component/Console/Output/ConsoleOutput))
#52 C:/Users/agusp/Desktop/Clase/TFG/F1Fantasy/backend/vendor/laravel/framework/src/Illuminate/Foundation/Console/Kernel.php(198): Symfony/Component/Console/Application->run(Object(Symfony/Component/Console/Input/ArgvInput), Object(Symfony/Component/Console/Output/ConsoleOutput))
#53 C:/Users/agusp/Desktop/Clase/TFG/F1Fantasy/backend/vendor/laravel/framework/src/Illuminate/Foundation/Application.php(1235): Illuminate/Foundation/Console/Kernel->handle(Object(Symfony/Component/Console/Input/ArgvInput), Object(Symfony/Component/Console/Output/ConsoleOutput))
#54 C:/Users/agusp/Desktop/Clase/TFG/F1Fantasy/backend/artisan(13): Illuminate/Foundation/Application->handleCommand(Object(Symfony/Component/Console/Input/ArgvInput))
#55 {main}
"} 
[2026-04-24 11:11:30] local.ERROR: include(C:\Users\agusp\Desktop\Clase\TFG\F1Fantasy\backend\vendor\composer/../../app/Models/Circuit.php): Failed to open stream: No such file or directory {"exception":"[object] (ErrorException(code: 0): include(C:\\Users\\agusp\\Desktop\\Clase\\TFG\\F1Fantasy\\backend\\vendor\\composer/../../app/Models/Circuit.php): Failed to open stream: No such file or directory at C:/Users/agusp/Desktop/Clase/TFG/F1Fantasy/backend/vendor/composer/ClassLoader.php:576)
[stacktrace]
#0 C:/Users/agusp/Desktop/Clase/TFG/F1Fantasy/backend/vendor/laravel/framework/src/Illuminate/Foundation/Bootstrap/HandleExceptions.php(258): Illuminate/Foundation/Bootstrap/HandleExceptions->handleError(2, 'include(C://User...', 'C://Users//agusp//...', 576)
#1 C:/Users/agusp/Desktop/Clase/TFG/F1Fantasy/backend/vendor/composer/ClassLoader.php(576): Illuminate/Foundation/Bootstrap/HandleExceptions->{closure:Illuminate/Foundation/Bootstrap/HandleExceptions::forwardsTo():257}(2, 'include(C://User...', 'C://Users//agusp//...', 576)
#2 C:/Users/agusp/Desktop/Clase/TFG/F1Fantasy/backend/vendor/composer/ClassLoader.php(576): include('C://Users//agusp//...')
#3 C:/Users/agusp/Desktop/Clase/TFG/F1Fantasy/backend/vendor/composer/ClassLoader.php(427): {closure:Composer/Autoload/ClassLoader::initializeIncludeClosure():575}('C://Users//agusp//...')
#4 C:/Users/agusp/Desktop/Clase/TFG/F1Fantasy/backend/database/seeders/CircuitSeeder.php(40): Composer/Autoload/ClassLoader->loadClass('App//Models//Circ...')
#5 C:/Users/agusp/Desktop/Clase/TFG/F1Fantasy/backend/vendor/laravel/framework/src/Illuminate/Container/BoundMethod.php(36): Database/Seeders/CircuitSeeder->run()
#6 C:/Users/agusp/Desktop/Clase/TFG/F1Fantasy/backend/vendor/laravel/framework/src/Illuminate/Container/Util.php(43): Illuminate/Container/BoundMethod::{closure:Illuminate/Container/BoundMethod::call():35}()
#7 C:/Users/agusp/Desktop/Clase/TFG/F1Fantasy/backend/vendor/laravel/framework/src/Illuminate/Container/BoundMethod.php(95): Illuminate/Container/Util::unwrapIfClosure(Object(Closure))
#8 C:/Users/agusp/Desktop/Clase/TFG/F1Fantasy/backend/vendor/laravel/framework/src/Illuminate/Container/BoundMethod.php(35): Illuminate/Container/BoundMethod::callBoundMethod(Object(Illuminate/Foundation/Application), Array, Object(Closure))
#9 C:/Users/agusp/Desktop/Clase/TFG/F1Fantasy/backend/vendor/laravel/framework/src/Illuminate/Container/Container.php(696): Illuminate/Container/BoundMethod::call(Object(Illuminate/Foundation/Application), Array, Array, NULL)
#10 C:/Users/agusp/Desktop/Clase/TFG/F1Fantasy/backend/vendor/laravel/framework/src/Illuminate/Database/Seeder.php(188): Illuminate/Container/Container->call(Array, Array)
#11 C:/Users/agusp/Desktop/Clase/TFG/F1Fantasy/backend/vendor/laravel/framework/src/Illuminate/Database/Seeder.php(197): Illuminate/Database/Seeder->{closure:Illuminate/Database/Seeder::__invoke():187}()
#12 C:/Users/agusp/Desktop/Clase/TFG/F1Fantasy/backend/vendor/laravel/framework/src/Illuminate/Database/Seeder.php(61): Illuminate/Database/Seeder->__invoke(Array)
#13 C:/Users/agusp/Desktop/Clase/TFG/F1Fantasy/backend/database/seeders/DatabaseSeeder.php(79): Illuminate/Database/Seeder->call('Database//Seeder...')
#14 C:/Users/agusp/Desktop/Clase/TFG/F1Fantasy/backend/vendor/laravel/framework/src/Illuminate/Container/BoundMethod.php(36): Database/Seeders/DatabaseSeeder->run()
#15 C:/Users/agusp/Desktop/Clase/TFG/F1Fantasy/backend/vendor/laravel/framework/src/Illuminate/Container/Util.php(43): Illuminate/Container/BoundMethod::{closure:Illuminate/Container/BoundMethod::call():35}()
#16 C:/Users/agusp/Desktop/Clase/TFG/F1Fantasy/backend/vendor/laravel/framework/src/Illuminate/Container/BoundMethod.php(95): Illuminate/Container/Util::unwrapIfClosure(Object(Closure))
#17 C:/Users/agusp/Desktop/Clase/TFG/F1Fantasy/backend/vendor/laravel/framework/src/Illuminate/Container/BoundMethod.php(35): Illuminate/Container/BoundMethod::callBoundMethod(Object(Illuminate/Foundation/Application), Array, Object(Closure))
#18 C:/Users/agusp/Desktop/Clase/TFG/F1Fantasy/backend/vendor/laravel/framework/src/Illuminate/Container/Container.php(696): Illuminate/Container/BoundMethod::call(Object(Illuminate/Foundation/Application), Array, Array, NULL)
#19 C:/Users/agusp/Desktop/Clase/TFG/F1Fantasy/backend/vendor/laravel/framework/src/Illuminate/Database/Seeder.php(188): Illuminate/Container/Container->call(Array, Array)
#20 C:/Users/agusp/Desktop/Clase/TFG/F1Fantasy/backend/vendor/laravel/framework/src/Illuminate/Database/Seeder.php(197): Illuminate/Database/Seeder->{closure:Illuminate/Database/Seeder::__invoke():187}()
#21 C:/Users/agusp/Desktop/Clase/TFG/F1Fantasy/backend/vendor/laravel/framework/src/Illuminate/Database/Console/Seeds/SeedCommand.php(70): Illuminate/Database/Seeder->__invoke()
#22 C:/Users/agusp/Desktop/Clase/TFG/F1Fantasy/backend/vendor/laravel/framework/src/Illuminate/Database/Eloquent/Concerns/GuardsAttributes.php(155): Illuminate/Database/Console/Seeds/SeedCommand->{closure:Illuminate/Database/Console/Seeds/SeedCommand::handle():69}()
#23 C:/Users/agusp/Desktop/Clase/TFG/F1Fantasy/backend/vendor/laravel/framework/src/Illuminate/Database/Console/Seeds/SeedCommand.php(69): Illuminate/Database/Eloquent/Model::unguarded(Object(Closure))
#24 C:/Users/agusp/Desktop/Clase/TFG/F1Fantasy/backend/vendor/laravel/framework/src/Illuminate/Container/BoundMethod.php(36): Illuminate/Database/Console/Seeds/SeedCommand->handle()
#25 C:/Users/agusp/Desktop/Clase/TFG/F1Fantasy/backend/vendor/laravel/framework/src/Illuminate/Container/Util.php(43): Illuminate/Container/BoundMethod::{closure:Illuminate/Container/BoundMethod::call():35}()
#26 C:/Users/agusp/Desktop/Clase/TFG/F1Fantasy/backend/vendor/laravel/framework/src/Illuminate/Container/BoundMethod.php(95): Illuminate/Container/Util::unwrapIfClosure(Object(Closure))
#27 C:/Users/agusp/Desktop/Clase/TFG/F1Fantasy/backend/vendor/laravel/framework/src/Illuminate/Container/BoundMethod.php(35): Illuminate/Container/BoundMethod::callBoundMethod(Object(Illuminate/Foundation/Application), Array, Object(Closure))
#28 C:/Users/agusp/Desktop/Clase/TFG/F1Fantasy/backend/vendor/laravel/framework/src/Illuminate/Container/Container.php(696): Illuminate/Container/BoundMethod::call(Object(Illuminate/Foundation/Application), Array, Array, NULL)
#29 C:/Users/agusp/Desktop/Clase/TFG/F1Fantasy/backend/vendor/laravel/framework/src/Illuminate/Console/Command.php(213): Illuminate/Container/Container->call(Array)
#30 C:/Users/agusp/Desktop/Clase/TFG/F1Fantasy/backend/vendor/symfony/console/Command/Command.php(341): Illuminate/Console/Command->execute(Object(Symfony/Component/Console/Input/ArrayInput), Object(Illuminate/Console/OutputStyle))
#31 C:/Users/agusp/Desktop/Clase/TFG/F1Fantasy/backend/vendor/laravel/framework/src/Illuminate/Console/Command.php(182): Symfony/Component/Console/Command/Command->run(Object(Symfony/Component/Console/Input/ArrayInput), Object(Illuminate/Console/OutputStyle))
#32 C:/Users/agusp/Desktop/Clase/TFG/F1Fantasy/backend/vendor/laravel/framework/src/Illuminate/Console/Concerns/CallsCommands.php(68): Illuminate/Console/Command->run(Object(Symfony/Component/Console/Input/ArrayInput), Object(Illuminate/Console/OutputStyle))
#33 C:/Users/agusp/Desktop/Clase/TFG/F1Fantasy/backend/vendor/laravel/framework/src/Illuminate/Console/Concerns/CallsCommands.php(29): Illuminate/Console/Command->runCommand('db:seed', Array, Object(Illuminate/Console/OutputStyle))
#34 C:/Users/agusp/Desktop/Clase/TFG/F1Fantasy/backend/vendor/laravel/framework/src/Illuminate/Database/Console/Migrations/MigrateCommand.php(126): Illuminate/Console/Command->call('db:seed', Array)
#35 C:/Users/agusp/Desktop/Clase/TFG/F1Fantasy/backend/vendor/laravel/framework/src/Illuminate/Database/Migrations/Migrator.php(658): Illuminate/Database/Console/Migrations/MigrateCommand->{closure:Illuminate/Database/Console/Migrations/MigrateCommand::runMigrations():110}()
#36 C:/Users/agusp/Desktop/Clase/TFG/F1Fantasy/backend/vendor/laravel/framework/src/Illuminate/Database/Console/Migrations/MigrateCommand.php(110): Illuminate/Database/Migrations/Migrator->usingConnection(NULL, Object(Closure))
#37 C:/Users/agusp/Desktop/Clase/TFG/F1Fantasy/backend/vendor/laravel/framework/src/Illuminate/Database/Console/Migrations/MigrateCommand.php(89): Illuminate/Database/Console/Migrations/MigrateCommand->runMigrations()
#38 C:/Users/agusp/Desktop/Clase/TFG/F1Fantasy/backend/vendor/laravel/framework/src/Illuminate/Container/BoundMethod.php(36): Illuminate/Database/Console/Migrations/MigrateCommand->handle()
#39 C:/Users/agusp/Desktop/Clase/TFG/F1Fantasy/backend/vendor/laravel/framework/src/Illuminate/Container/Util.php(43): Illuminate/Container/BoundMethod::{closure:Illuminate/Container/BoundMethod::call():35}()
#40 C:/Users/agusp/Desktop/Clase/TFG/F1Fantasy/backend/vendor/laravel/framework/src/Illuminate/Container/BoundMethod.php(95): Illuminate/Container/Util::unwrapIfClosure(Object(Closure))
#41 C:/Users/agusp/Desktop/Clase/TFG/F1Fantasy/backend/vendor/laravel/framework/src/Illuminate/Container/BoundMethod.php(35): Illuminate/Container/BoundMethod::callBoundMethod(Object(Illuminate/Foundation/Application), Array, Object(Closure))
#42 C:/Users/agusp/Desktop/Clase/TFG/F1Fantasy/backend/vendor/laravel/framework/src/Illuminate/Container/Container.php(696): Illuminate/Container/BoundMethod::call(Object(Illuminate/Foundation/Application), Array, Array, NULL)
#43 C:/Users/agusp/Desktop/Clase/TFG/F1Fantasy/backend/vendor/laravel/framework/src/Illuminate/Console/Command.php(213): Illuminate/Container/Container->call(Array)
#44 C:/Users/agusp/Desktop/Clase/TFG/F1Fantasy/backend/vendor/symfony/console/Command/Command.php(341): Illuminate/Console/Command->execute(Object(Symfony/Component/Console/Input/ArgvInput), Object(Illuminate/Console/OutputStyle))
#45 C:/Users/agusp/Desktop/Clase/TFG/F1Fantasy/backend/vendor/laravel/framework/src/Illuminate/Console/Command.php(182): Symfony/Component/Console/Command/Command->run(Object(Symfony/Component/Console/Input/ArgvInput), Object(Illuminate/Console/OutputStyle))
#46 C:/Users/agusp/Desktop/Clase/TFG/F1Fantasy/backend/vendor/symfony/console/Application.php(1117): Illuminate/Console/Command->run(Object(Symfony/Component/Console/Input/ArgvInput), Object(Symfony/Component/Console/Output/ConsoleOutput))
#47 C:/Users/agusp/Desktop/Clase/TFG/F1Fantasy/backend/vendor/symfony/console/Application.php(356): Symfony/Component/Console/Application->doRunCommand(Object(Illuminate/Database/Console/Migrations/MigrateCommand), Object(Symfony/Component/Console/Input/ArgvInput), Object(Symfony/Component/Console/Output/ConsoleOutput))
#48 C:/Users/agusp/Desktop/Clase/TFG/F1Fantasy/backend/vendor/symfony/console/Application.php(195): Symfony/Component/Console/Application->doRun(Object(Symfony/Component/Console/Input/ArgvInput), Object(Symfony/Component/Console/Output/ConsoleOutput))
#49 C:/Users/agusp/Desktop/Clase/TFG/F1Fantasy/backend/vendor/laravel/framework/src/Illuminate/Foundation/Console/Kernel.php(198): Symfony/Component/Console/Application->run(Object(Symfony/Component/Console/Input/ArgvInput), Object(Symfony/Component/Console/Output/ConsoleOutput))
#50 C:/Users/agusp/Desktop/Clase/TFG/F1Fantasy/backend/vendor/laravel/framework/src/Illuminate/Foundation/Application.php(1235): Illuminate/Foundation/Console/Kernel->handle(Object(Symfony/Component/Console/Input/ArgvInput), Object(Symfony/Component/Console/Output/ConsoleOutput))
#51 C:/Users/agusp/Desktop/Clase/TFG/F1Fantasy/backend/artisan(13): Illuminate/Foundation/Application->handleCommand(Object(Symfony/Component/Console/Input/ArgvInput))
#52 {main}
"} 
[2026-04-24 11:13:05] local.ERROR: include(C:\Users\agusp\Desktop\Clase\TFG\F1Fantasy\backend\vendor\composer/../../app/Models/Circuit.php): Failed to open stream: No such file or directory {"exception":"[object] (ErrorException(code: 0): include(C:\\Users\\agusp\\Desktop\\Clase\\TFG\\F1Fantasy\\backend\\vendor\\composer/../../app/Models/Circuit.php): Failed to open stream: No such file or directory at C:/Users/agusp/Desktop/Clase/TFG/F1Fantasy/backend/vendor/composer/ClassLoader.php:576)
[stacktrace]
#0 C:/Users/agusp/Desktop/Clase/TFG/F1Fantasy/backend/vendor/laravel/framework/src/Illuminate/Foundation/Bootstrap/HandleExceptions.php(258): Illuminate/Foundation/Bootstrap/HandleExceptions->handleError(2, 'include(C://User...', 'C://Users//agusp//...', 576)
#1 C:/Users/agusp/Desktop/Clase/TFG/F1Fantasy/backend/vendor/composer/ClassLoader.php(576): Illuminate/Foundation/Bootstrap/HandleExceptions->{closure:Illuminate/Foundation/Bootstrap/HandleExceptions::forwardsTo():257}(2, 'include(C://User...', 'C://Users//agusp//...', 576)
#2 C:/Users/agusp/Desktop/Clase/TFG/F1Fantasy/backend/vendor/composer/ClassLoader.php(576): include('C://Users//agusp//...')
#3 C:/Users/agusp/Desktop/Clase/TFG/F1Fantasy/backend/vendor/composer/ClassLoader.php(427): {closure:Composer/Autoload/ClassLoader::initializeIncludeClosure():575}('C://Users//agusp//...')
#4 C:/Users/agusp/Desktop/Clase/TFG/F1Fantasy/backend/database/seeders/CircuitSeeder.php(40): Composer/Autoload/ClassLoader->loadClass('App//Models//Circ...')
#5 C:/Users/agusp/Desktop/Clase/TFG/F1Fantasy/backend/vendor/laravel/framework/src/Illuminate/Container/BoundMethod.php(36): Database/Seeders/CircuitSeeder->run()
#6 C:/Users/agusp/Desktop/Clase/TFG/F1Fantasy/backend/vendor/laravel/framework/src/Illuminate/Container/Util.php(43): Illuminate/Container/BoundMethod::{closure:Illuminate/Container/BoundMethod::call():35}()
#7 C:/Users/agusp/Desktop/Clase/TFG/F1Fantasy/backend/vendor/laravel/framework/src/Illuminate/Container/BoundMethod.php(95): Illuminate/Container/Util::unwrapIfClosure(Object(Closure))
#8 C:/Users/agusp/Desktop/Clase/TFG/F1Fantasy/backend/vendor/laravel/framework/src/Illuminate/Container/BoundMethod.php(35): Illuminate/Container/BoundMethod::callBoundMethod(Object(Illuminate/Foundation/Application), Array, Object(Closure))
#9 C:/Users/agusp/Desktop/Clase/TFG/F1Fantasy/backend/vendor/laravel/framework/src/Illuminate/Container/Container.php(696): Illuminate/Container/BoundMethod::call(Object(Illuminate/Foundation/Application), Array, Array, NULL)
#10 C:/Users/agusp/Desktop/Clase/TFG/F1Fantasy/backend/vendor/laravel/framework/src/Illuminate/Database/Seeder.php(188): Illuminate/Container/Container->call(Array, Array)
#11 C:/Users/agusp/Desktop/Clase/TFG/F1Fantasy/backend/vendor/laravel/framework/src/Illuminate/Database/Seeder.php(197): Illuminate/Database/Seeder->{closure:Illuminate/Database/Seeder::__invoke():187}()
#12 C:/Users/agusp/Desktop/Clase/TFG/F1Fantasy/backend/vendor/laravel/framework/src/Illuminate/Database/Seeder.php(61): Illuminate/Database/Seeder->__invoke(Array)
#13 C:/Users/agusp/Desktop/Clase/TFG/F1Fantasy/backend/database/seeders/DatabaseSeeder.php(79): Illuminate/Database/Seeder->call('Database//Seeder...')
#14 C:/Users/agusp/Desktop/Clase/TFG/F1Fantasy/backend/vendor/laravel/framework/src/Illuminate/Container/BoundMethod.php(36): Database/Seeders/DatabaseSeeder->run()
#15 C:/Users/agusp/Desktop/Clase/TFG/F1Fantasy/backend/vendor/laravel/framework/src/Illuminate/Container/Util.php(43): Illuminate/Container/BoundMethod::{closure:Illuminate/Container/BoundMethod::call():35}()
#16 C:/Users/agusp/Desktop/Clase/TFG/F1Fantasy/backend/vendor/laravel/framework/src/Illuminate/Container/BoundMethod.php(95): Illuminate/Container/Util::unwrapIfClosure(Object(Closure))
#17 C:/Users/agusp/Desktop/Clase/TFG/F1Fantasy/backend/vendor/laravel/framework/src/Illuminate/Container/BoundMethod.php(35): Illuminate/Container/BoundMethod::callBoundMethod(Object(Illuminate/Foundation/Application), Array, Object(Closure))
#18 C:/Users/agusp/Desktop/Clase/TFG/F1Fantasy/backend/vendor/laravel/framework/src/Illuminate/Container/Container.php(696): Illuminate/Container/BoundMethod::call(Object(Illuminate/Foundation/Application), Array, Array, NULL)
#19 C:/Users/agusp/Desktop/Clase/TFG/F1Fantasy/backend/vendor/laravel/framework/src/Illuminate/Database/Seeder.php(188): Illuminate/Container/Container->call(Array, Array)
#20 C:/Users/agusp/Desktop/Clase/TFG/F1Fantasy/backend/vendor/laravel/framework/src/Illuminate/Database/Seeder.php(197): Illuminate/Database/Seeder->{closure:Illuminate/Database/Seeder::__invoke():187}()
#21 C:/Users/agusp/Desktop/Clase/TFG/F1Fantasy/backend/vendor/laravel/framework/src/Illuminate/Database/Console/Seeds/SeedCommand.php(70): Illuminate/Database/Seeder->__invoke()
#22 C:/Users/agusp/Desktop/Clase/TFG/F1Fantasy/backend/vendor/laravel/framework/src/Illuminate/Database/Eloquent/Concerns/GuardsAttributes.php(155): Illuminate/Database/Console/Seeds/SeedCommand->{closure:Illuminate/Database/Console/Seeds/SeedCommand::handle():69}()
#23 C:/Users/agusp/Desktop/Clase/TFG/F1Fantasy/backend/vendor/laravel/framework/src/Illuminate/Database/Console/Seeds/SeedCommand.php(69): Illuminate/Database/Eloquent/Model::unguarded(Object(Closure))
#24 C:/Users/agusp/Desktop/Clase/TFG/F1Fantasy/backend/vendor/laravel/framework/src/Illuminate/Container/BoundMethod.php(36): Illuminate/Database/Console/Seeds/SeedCommand->handle()
#25 C:/Users/agusp/Desktop/Clase/TFG/F1Fantasy/backend/vendor/laravel/framework/src/Illuminate/Container/Util.php(43): Illuminate/Container/BoundMethod::{closure:Illuminate/Container/BoundMethod::call():35}()
#26 C:/Users/agusp/Desktop/Clase/TFG/F1Fantasy/backend/vendor/laravel/framework/src/Illuminate/Container/BoundMethod.php(95): Illuminate/Container/Util::unwrapIfClosure(Object(Closure))
#27 C:/Users/agusp/Desktop/Clase/TFG/F1Fantasy/backend/vendor/laravel/framework/src/Illuminate/Container/BoundMethod.php(35): Illuminate/Container/BoundMethod::callBoundMethod(Object(Illuminate/Foundation/Application), Array, Object(Closure))
#28 C:/Users/agusp/Desktop/Clase/TFG/F1Fantasy/backend/vendor/laravel/framework/src/Illuminate/Container/Container.php(696): Illuminate/Container/BoundMethod::call(Object(Illuminate/Foundation/Application), Array, Array, NULL)
#29 C:/Users/agusp/Desktop/Clase/TFG/F1Fantasy/backend/vendor/laravel/framework/src/Illuminate/Console/Command.php(213): Illuminate/Container/Container->call(Array)
#30 C:/Users/agusp/Desktop/Clase/TFG/F1Fantasy/backend/vendor/symfony/console/Command/Command.php(341): Illuminate/Console/Command->execute(Object(Symfony/Component/Console/Input/ArrayInput), Object(Illuminate/Console/OutputStyle))
#31 C:/Users/agusp/Desktop/Clase/TFG/F1Fantasy/backend/vendor/laravel/framework/src/Illuminate/Console/Command.php(182): Symfony/Component/Console/Command/Command->run(Object(Symfony/Component/Console/Input/ArrayInput), Object(Illuminate/Console/OutputStyle))
#32 C:/Users/agusp/Desktop/Clase/TFG/F1Fantasy/backend/vendor/laravel/framework/src/Illuminate/Console/Concerns/CallsCommands.php(68): Illuminate/Console/Command->run(Object(Symfony/Component/Console/Input/ArrayInput), Object(Illuminate/Console/OutputStyle))
#33 C:/Users/agusp/Desktop/Clase/TFG/F1Fantasy/backend/vendor/laravel/framework/src/Illuminate/Console/Concerns/CallsCommands.php(29): Illuminate/Console/Command->runCommand('db:seed', Array, Object(Illuminate/Console/OutputStyle))
#34 C:/Users/agusp/Desktop/Clase/TFG/F1Fantasy/backend/vendor/laravel/framework/src/Illuminate/Database/Console/Migrations/MigrateCommand.php(126): Illuminate/Console/Command->call('db:seed', Array)
#35 C:/Users/agusp/Desktop/Clase/TFG/F1Fantasy/backend/vendor/laravel/framework/src/Illuminate/Database/Migrations/Migrator.php(658): Illuminate/Database/Console/Migrations/MigrateCommand->{closure:Illuminate/Database/Console/Migrations/MigrateCommand::runMigrations():110}()
#36 C:/Users/agusp/Desktop/Clase/TFG/F1Fantasy/backend/vendor/laravel/framework/src/Illuminate/Database/Console/Migrations/MigrateCommand.php(110): Illuminate/Database/Migrations/Migrator->usingConnection(NULL, Object(Closure))
#37 C:/Users/agusp/Desktop/Clase/TFG/F1Fantasy/backend/vendor/laravel/framework/src/Illuminate/Database/Console/Migrations/MigrateCommand.php(89): Illuminate/Database/Console/Migrations/MigrateCommand->runMigrations()
#38 C:/Users/agusp/Desktop/Clase/TFG/F1Fantasy/backend/vendor/laravel/framework/src/Illuminate/Container/BoundMethod.php(36): Illuminate/Database/Console/Migrations/MigrateCommand->handle()
#39 C:/Users/agusp/Desktop/Clase/TFG/F1Fantasy/backend/vendor/laravel/framework/src/Illuminate/Container/Util.php(43): Illuminate/Container/BoundMethod::{closure:Illuminate/Container/BoundMethod::call():35}()
#40 C:/Users/agusp/Desktop/Clase/TFG/F1Fantasy/backend/vendor/laravel/framework/src/Illuminate/Container/BoundMethod.php(95): Illuminate/Container/Util::unwrapIfClosure(Object(Closure))
#41 C:/Users/agusp/Desktop/Clase/TFG/F1Fantasy/backend/vendor/laravel/framework/src/Illuminate/Container/BoundMethod.php(35): Illuminate/Container/BoundMethod::callBoundMethod(Object(Illuminate/Foundation/Application), Array, Object(Closure))
#42 C:/Users/agusp/Desktop/Clase/TFG/F1Fantasy/backend/vendor/laravel/framework/src/Illuminate/Container/Container.php(696): Illuminate/Container/BoundMethod::call(Object(Illuminate/Foundation/Application), Array, Array, NULL)
#43 C:/Users/agusp/Desktop/Clase/TFG/F1Fantasy/backend/vendor/laravel/framework/src/Illuminate/Console/Command.php(213): Illuminate/Container/Container->call(Array)
#44 C:/Users/agusp/Desktop/Clase/TFG/F1Fantasy/backend/vendor/symfony/console/Command/Command.php(341): Illuminate/Console/Command->execute(Object(Symfony/Component/Console/Input/ArgvInput), Object(Illuminate/Console/OutputStyle))
#45 C:/Users/agusp/Desktop/Clase/TFG/F1Fantasy/backend/vendor/laravel/framework/src/Illuminate/Console/Command.php(182): Symfony/Component/Console/Command/Command->run(Object(Symfony/Component/Console/Input/ArgvInput), Object(Illuminate/Console/OutputStyle))
#46 C:/Users/agusp/Desktop/Clase/TFG/F1Fantasy/backend/vendor/symfony/console/Application.php(1117): Illuminate/Console/Command->run(Object(Symfony/Component/Console/Input/ArgvInput), Object(Symfony/Component/Console/Output/ConsoleOutput))
#47 C:/Users/agusp/Desktop/Clase/TFG/F1Fantasy/backend/vendor/symfony/console/Application.php(356): Symfony/Component/Console/Application->doRunCommand(Object(Illuminate/Database/Console/Migrations/MigrateCommand), Object(Symfony/Component/Console/Input/ArgvInput), Object(Symfony/Component/Console/Output/ConsoleOutput))
#48 C:/Users/agusp/Desktop/Clase/TFG/F1Fantasy/backend/vendor/symfony/console/Application.php(195): Symfony/Component/Console/Application->doRun(Object(Symfony/Component/Console/Input/ArgvInput), Object(Symfony/Component/Console/Output/ConsoleOutput))
#49 C:/Users/agusp/Desktop/Clase/TFG/F1Fantasy/backend/vendor/laravel/framework/src/Illuminate/Foundation/Console/Kernel.php(198): Symfony/Component/Console/Application->run(Object(Symfony/Component/Console/Input/ArgvInput), Object(Symfony/Component/Console/Output/ConsoleOutput))
#50 C:/Users/agusp/Desktop/Clase/TFG/F1Fantasy/backend/vendor/laravel/framework/src/Illuminate/Foundation/Application.php(1235): Illuminate/Foundation/Console/Kernel->handle(Object(Symfony/Component/Console/Input/ArgvInput), Object(Symfony/Component/Console/Output/ConsoleOutput))
#51 C:/Users/agusp/Desktop/Clase/TFG/F1Fantasy/backend/artisan(13): Illuminate/Foundation/Application->handleCommand(Object(Symfony/Component/Console/Input/ArgvInput))
#52 {main}
"} 
[2026-04-24 11:15:52] local.ERROR: Class "App\Models\Circuit" not found {"exception":"[object] (Error(code: 0): Class \"App\\Models\\Circuit\" not found at C:/Users/agusp/Desktop/Clase/TFG/F1Fantasy/backend/database/seeders/CircuitSeeder.php:40)
[stacktrace]
#0 C:/Users/agusp/Desktop/Clase/TFG/F1Fantasy/backend/vendor/laravel/framework/src/Illuminate/Container/BoundMethod.php(36): Database/Seeders/CircuitSeeder->run()
#1 C:/Users/agusp/Desktop/Clase/TFG/F1Fantasy/backend/vendor/laravel/framework/src/Illuminate/Container/Util.php(43): Illuminate/Container/BoundMethod::{closure:Illuminate/Container/BoundMethod::call():35}()
#2 C:/Users/agusp/Desktop/Clase/TFG/F1Fantasy/backend/vendor/laravel/framework/src/Illuminate/Container/BoundMethod.php(95): Illuminate/Container/Util::unwrapIfClosure(Object(Closure))
#3 C:/Users/agusp/Desktop/Clase/TFG/F1Fantasy/backend/vendor/laravel/framework/src/Illuminate/Container/BoundMethod.php(35): Illuminate/Container/BoundMethod::callBoundMethod(Object(Illuminate/Foundation/Application), Array, Object(Closure))
#4 C:/Users/agusp/Desktop/Clase/TFG/F1Fantasy/backend/vendor/laravel/framework/src/Illuminate/Container/Container.php(696): Illuminate/Container/BoundMethod::call(Object(Illuminate/Foundation/Application), Array, Array, NULL)
#5 C:/Users/agusp/Desktop/Clase/TFG/F1Fantasy/backend/vendor/laravel/framework/src/Illuminate/Database/Seeder.php(188): Illuminate/Container/Container->call(Array, Array)
#6 C:/Users/agusp/Desktop/Clase/TFG/F1Fantasy/backend/vendor/laravel/framework/src/Illuminate/Database/Seeder.php(197): Illuminate/Database/Seeder->{closure:Illuminate/Database/Seeder::__invoke():187}()
#7 C:/Users/agusp/Desktop/Clase/TFG/F1Fantasy/backend/vendor/laravel/framework/src/Illuminate/Database/Seeder.php(61): Illuminate/Database/Seeder->__invoke(Array)
#8 C:/Users/agusp/Desktop/Clase/TFG/F1Fantasy/backend/database/seeders/DatabaseSeeder.php(79): Illuminate/Database/Seeder->call('Database//Seeder...')
#9 C:/Users/agusp/Desktop/Clase/TFG/F1Fantasy/backend/vendor/laravel/framework/src/Illuminate/Container/BoundMethod.php(36): Database/Seeders/DatabaseSeeder->run()
#10 C:/Users/agusp/Desktop/Clase/TFG/F1Fantasy/backend/vendor/laravel/framework/src/Illuminate/Container/Util.php(43): Illuminate/Container/BoundMethod::{closure:Illuminate/Container/BoundMethod::call():35}()
#11 C:/Users/agusp/Desktop/Clase/TFG/F1Fantasy/backend/vendor/laravel/framework/src/Illuminate/Container/BoundMethod.php(95): Illuminate/Container/Util::unwrapIfClosure(Object(Closure))
#12 C:/Users/agusp/Desktop/Clase/TFG/F1Fantasy/backend/vendor/laravel/framework/src/Illuminate/Container/BoundMethod.php(35): Illuminate/Container/BoundMethod::callBoundMethod(Object(Illuminate/Foundation/Application), Array, Object(Closure))
#13 C:/Users/agusp/Desktop/Clase/TFG/F1Fantasy/backend/vendor/laravel/framework/src/Illuminate/Container/Container.php(696): Illuminate/Container/BoundMethod::call(Object(Illuminate/Foundation/Application), Array, Array, NULL)
#14 C:/Users/agusp/Desktop/Clase/TFG/F1Fantasy/backend/vendor/laravel/framework/src/Illuminate/Database/Seeder.php(188): Illuminate/Container/Container->call(Array, Array)
#15 C:/Users/agusp/Desktop/Clase/TFG/F1Fantasy/backend/vendor/laravel/framework/src/Illuminate/Database/Seeder.php(197): Illuminate/Database/Seeder->{closure:Illuminate/Database/Seeder::__invoke():187}()
#16 C:/Users/agusp/Desktop/Clase/TFG/F1Fantasy/backend/vendor/laravel/framework/src/Illuminate/Database/Console/Seeds/SeedCommand.php(70): Illuminate/Database/Seeder->__invoke()
#17 C:/Users/agusp/Desktop/Clase/TFG/F1Fantasy/backend/vendor/laravel/framework/src/Illuminate/Database/Eloquent/Concerns/GuardsAttributes.php(155): Illuminate/Database/Console/Seeds/SeedCommand->{closure:Illuminate/Database/Console/Seeds/SeedCommand::handle():69}()
#18 C:/Users/agusp/Desktop/Clase/TFG/F1Fantasy/backend/vendor/laravel/framework/src/Illuminate/Database/Console/Seeds/SeedCommand.php(69): Illuminate/Database/Eloquent/Model::unguarded(Object(Closure))
#19 C:/Users/agusp/Desktop/Clase/TFG/F1Fantasy/backend/vendor/laravel/framework/src/Illuminate/Container/BoundMethod.php(36): Illuminate/Database/Console/Seeds/SeedCommand->handle()
#20 C:/Users/agusp/Desktop/Clase/TFG/F1Fantasy/backend/vendor/laravel/framework/src/Illuminate/Container/Util.php(43): Illuminate/Container/BoundMethod::{closure:Illuminate/Container/BoundMethod::call():35}()
#21 C:/Users/agusp/Desktop/Clase/TFG/F1Fantasy/backend/vendor/laravel/framework/src/Illuminate/Container/BoundMethod.php(95): Illuminate/Container/Util::unwrapIfClosure(Object(Closure))
#22 C:/Users/agusp/Desktop/Clase/TFG/F1Fantasy/backend/vendor/laravel/framework/src/Illuminate/Container/BoundMethod.php(35): Illuminate/Container/BoundMethod::callBoundMethod(Object(Illuminate/Foundation/Application), Array, Object(Closure))
#23 C:/Users/agusp/Desktop/Clase/TFG/F1Fantasy/backend/vendor/laravel/framework/src/Illuminate/Container/Container.php(696): Illuminate/Container/BoundMethod::call(Object(Illuminate/Foundation/Application), Array, Array, NULL)
#24 C:/Users/agusp/Desktop/Clase/TFG/F1Fantasy/backend/vendor/laravel/framework/src/Illuminate/Console/Command.php(213): Illuminate/Container/Container->call(Array)
#25 C:/Users/agusp/Desktop/Clase/TFG/F1Fantasy/backend/vendor/symfony/console/Command/Command.php(341): Illuminate/Console/Command->execute(Object(Symfony/Component/Console/Input/ArrayInput), Object(Illuminate/Console/OutputStyle))
#26 C:/Users/agusp/Desktop/Clase/TFG/F1Fantasy/backend/vendor/laravel/framework/src/Illuminate/Console/Command.php(182): Symfony/Component/Console/Command/Command->run(Object(Symfony/Component/Console/Input/ArrayInput), Object(Illuminate/Console/OutputStyle))
#27 C:/Users/agusp/Desktop/Clase/TFG/F1Fantasy/backend/vendor/laravel/framework/src/Illuminate/Console/Concerns/CallsCommands.php(68): Illuminate/Console/Command->run(Object(Symfony/Component/Console/Input/ArrayInput), Object(Illuminate/Console/OutputStyle))
#28 C:/Users/agusp/Desktop/Clase/TFG/F1Fantasy/backend/vendor/laravel/framework/src/Illuminate/Console/Concerns/CallsCommands.php(29): Illuminate/Console/Command->runCommand('db:seed', Array, Object(Illuminate/Console/OutputStyle))
#29 C:/Users/agusp/Desktop/Clase/TFG/F1Fantasy/backend/vendor/laravel/framework/src/Illuminate/Database/Console/Migrations/MigrateCommand.php(126): Illuminate/Console/Command->call('db:seed', Array)
#30 C:/Users/agusp/Desktop/Clase/TFG/F1Fantasy/backend/vendor/laravel/framework/src/Illuminate/Database/Migrations/Migrator.php(658): Illuminate/Database/Console/Migrations/MigrateCommand->{closure:Illuminate/Database/Console/Migrations/MigrateCommand::runMigrations():110}()
#31 C:/Users/agusp/Desktop/Clase/TFG/F1Fantasy/backend/vendor/laravel/framework/src/Illuminate/Database/Console/Migrations/MigrateCommand.php(110): Illuminate/Database/Migrations/Migrator->usingConnection(NULL, Object(Closure))
#32 C:/Users/agusp/Desktop/Clase/TFG/F1Fantasy/backend/vendor/laravel/framework/src/Illuminate/Database/Console/Migrations/MigrateCommand.php(89): Illuminate/Database/Console/Migrations/MigrateCommand->runMigrations()
#33 C:/Users/agusp/Desktop/Clase/TFG/F1Fantasy/backend/vendor/laravel/framework/src/Illuminate/Container/BoundMethod.php(36): Illuminate/Database/Console/Migrations/MigrateCommand->handle()
#34 C:/Users/agusp/Desktop/Clase/TFG/F1Fantasy/backend/vendor/laravel/framework/src/Illuminate/Container/Util.php(43): Illuminate/Container/BoundMethod::{closure:Illuminate/Container/BoundMethod::call():35}()
#35 C:/Users/agusp/Desktop/Clase/TFG/F1Fantasy/backend/vendor/laravel/framework/src/Illuminate/Container/BoundMethod.php(95): Illuminate/Container/Util::unwrapIfClosure(Object(Closure))
#36 C:/Users/agusp/Desktop/Clase/TFG/F1Fantasy/backend/vendor/laravel/framework/src/Illuminate/Container/BoundMethod.php(35): Illuminate/Container/BoundMethod::callBoundMethod(Object(Illuminate/Foundation/Application), Array, Object(Closure))
#37 C:/Users/agusp/Desktop/Clase/TFG/F1Fantasy/backend/vendor/laravel/framework/src/Illuminate/Container/Container.php(696): Illuminate/Container/BoundMethod::call(Object(Illuminate/Foundation/Application), Array, Array, NULL)
#38 C:/Users/agusp/Desktop/Clase/TFG/F1Fantasy/backend/vendor/laravel/framework/src/Illuminate/Console/Command.php(213): Illuminate/Container/Container->call(Array)
#39 C:/Users/agusp/Desktop/Clase/TFG/F1Fantasy/backend/vendor/symfony/console/Command/Command.php(341): Illuminate/Console/Command->execute(Object(Symfony/Component/Console/Input/ArgvInput), Object(Illuminate/Console/OutputStyle))
#40 C:/Users/agusp/Desktop/Clase/TFG/F1Fantasy/backend/vendor/laravel/framework/src/Illuminate/Console/Command.php(182): Symfony/Component/Console/Command/Command->run(Object(Symfony/Component/Console/Input/ArgvInput), Object(Illuminate/Console/OutputStyle))
#41 C:/Users/agusp/Desktop/Clase/TFG/F1Fantasy/backend/vendor/symfony/console/Application.php(1117): Illuminate/Console/Command->run(Object(Symfony/Component/Console/Input/ArgvInput), Object(Symfony/Component/Console/Output/ConsoleOutput))
#42 C:/Users/agusp/Desktop/Clase/TFG/F1Fantasy/backend/vendor/symfony/console/Application.php(356): Symfony/Component/Console/Application->doRunCommand(Object(Illuminate/Database/Console/Migrations/MigrateCommand), Object(Symfony/Component/Console/Input/ArgvInput), Object(Symfony/Component/Console/Output/ConsoleOutput))
#43 C:/Users/agusp/Desktop/Clase/TFG/F1Fantasy/backend/vendor/symfony/console/Application.php(195): Symfony/Component/Console/Application->doRun(Object(Symfony/Component/Console/Input/ArgvInput), Object(Symfony/Component/Console/Output/ConsoleOutput))
#44 C:/Users/agusp/Desktop/Clase/TFG/F1Fantasy/backend/vendor/laravel/framework/src/Illuminate/Foundation/Console/Kernel.php(198): Symfony/Component/Console/Application->run(Object(Symfony/Component/Console/Input/ArgvInput), Object(Symfony/Component/Console/Output/ConsoleOutput))
#45 C:/Users/agusp/Desktop/Clase/TFG/F1Fantasy/backend/vendor/laravel/framework/src/Illuminate/Foundation/Application.php(1235): Illuminate/Foundation/Console/Kernel->handle(Object(Symfony/Component/Console/Input/ArgvInput), Object(Symfony/Component/Console/Output/ConsoleOutput))
#46 C:/Users/agusp/Desktop/Clase/TFG/F1Fantasy/backend/artisan(13): Illuminate/Foundation/Application->handleCommand(Object(Symfony/Component/Console/Input/ArgvInput))
#47 {main}
"} 
[2026-04-26 18:35:05] local.INFO: Precios de escuderías y directores actualizados (11 equipos)  
[2026-04-26 18:35:05] local.INFO: Precios de pilotos actualizados (22 titulares)  
[2026-04-26 18:36:34] local.INFO: Precios de escuderías y directores actualizados (11 equipos)  
[2026-04-26 18:36:35] local.INFO: Precios de pilotos actualizados (22 titulares)  
[2026-04-26 18:37:10] local.INFO: Precios de pilotos actualizados (22 titulares)  
[2026-04-26 18:37:10] local.INFO: Precios de escuderías y directores actualizados (11 equipos)  
[2026-04-26 18:39:49] local.INFO: Precios de pilotos actualizados (22 titulares)  
[2026-04-26 18:39:50] local.INFO: Precios de escuderías y directores actualizados (11 equipos)  
[2026-04-26 18:45:34] local.INFO: Precios de pilotos actualizados (22 titulares)  
[2026-04-26 18:45:34] local.INFO: Precios de escuderías y directores actualizados (11 equipos)  
[2026-04-26 18:45:53] local.INFO: Precios de pilotos actualizados (22 titulares)  
[2026-04-26 18:45:53] local.INFO: Precios de escuderías y directores actualizados (11 equipos)  
[2026-04-26 18:47:13] local.INFO: Precios de pilotos actualizados (22 titulares)  
[2026-04-26 18:47:13] local.INFO: Precios de escuderías y directores actualizados (11 equipos)  
